PassengerId,Transported
0013_01,0.8582952172149672
0018_01,0.0
0019_01,0.7848155759427098
0021_01,0.98
0023_01,0.36
0027_01,0.74
0029_01,0.7609072154224767
0032_01,0.8261530851299625
0032_02,0.797488029785999
0033_01,0.512
0037_01,0.26
0040_01,0.14
0040_02,0.73
0042_01,0.7937344883124681
0046_01,0.06
0046_02,0.0
0046_03,0.24
0047_01,0.8631088214353962
0047_02,0.85
0047_03,0.01
0048_01,0.56
0049_01,0.0
0054_01,0.7848155759427098
0054_02,0.98
0054_03,0.39
0055_01,0.16
0057_01,0.79
0059_01,0.8488121927781686
0060_01,0.55
0063_01,0.7913158269123948
0065_01,0.8273566975388335
0075_01,0.05
0079_01,0.8899052519990346
0080_01,0.51
0083_01,0.43
0087_01,0.35
0089_01,0.7822219950975784
0093_01,0.77
0094_01,0.5316814481882963
0094_02,0.0
0095_01,0.8
0096_01,0.38
0100_01,0.901783913291437
0100_02,0.7017835800611123
0104_01,0.10833333333333332
0106_01,0.856560060399271
0109_01,0.13
0117_01,0.15
0118_01,0.91
0121_01,0.31
0124_01,0.5405613693136165
0125_01,0.8079386185970384
0125_02,0.11
0130_01,0.6080350911092746
0131_01,0.63
0132_01,0.89
0135_01,0.2
0137_01,0.8490624475792855
0142_01,0.6938871912606699
0142_02,0.12
0142_03,0.7880748378792153
0143_01,0.15
0145_01,0.22
0150_01,0.8488121927781686
0150_02,0.8649765479802609
0153_01,0.5
0154_01,0.8470052294133573
0155_01,0.14
0156_01,0.7880748378792153
0157_01,0.14
0158_01,0.21
0158_02,0.23
0159_01,0.07
0161_01,0.28
0162_01,0.8168468726426202
0166_01,0.6545454545454545
0168_01,0.8490624475792855
0175_01,0.7968574686011535
0175_02,0.5786396072891944
0175_03,0.8069184938059675
0175_04,0.8582952172149672
0175_05,0.5816342167873687
0176_01,0.28
0180_01,0.15
0184_01,0.23
0185_01,0.72
0187_01,0.7835872024572464
0191_01,0.22
0194_01,0.8320198880271837
0194_02,0.7822219950975784
0194_03,0.0
0204_01,0.04
0208_01,0.59
0209_01,0.01
0214_01,0.11
0214_02,0.05
0215_01,0.797488029785999
0218_01,0.21
0226_01,0.59
0227_01,0.2630949352934646
0228_01,0.8585222794730099
0228_02,1.0
0228_03,0.8914283568234914
0228_04,0.04
0230_01,0.8490624475792855
0230_02,0.09
0235_01,0.7835872024572464
0236_01,0.8488121927781686
0238_01,0.01
0247_01,0.797488029785999
0247_02,0.7494256042938293
0249_01,0.16
0256_01,0.71
0259_01,1.0
0262_01,0.255
0264_01,0.7494256042938293
0264_02,0.8242978343118587
0264_03,0.02
0266_01,0.21
0266_02,0.02
0268_01,0.08
0268_02,0.31
0271_01,0.29
0272_01,0.04
0273_01,0.99
0273_02,0.8261530851299625
0273_03,0.13
0274_01,0.04
0274_02,0.8273566975388335
0276_01,0.1
0276_02,0.7835872024572464
0279_01,0.4
0280_01,0.59
0284_01,0.83
0292_01,0.12
0293_01,0.7543005476282515
0295_01,0.485
0296_01,0.27
0299_01,0.04
0300_01,0.04
0308_01,0.5741296624783061
0311_01,0.5317455806577324
0312_01,0.8079386185970384
0317_01,0.13
0318_01,0.7822219950975784
0319_01,0.08
0319_02,0.7968574686011535
0323_01,0.7913158269123948
0325_01,0.725
0328_01,0.68
0329_01,0.8993301098503231
0332_01,0.8261530851299625
0335_01,0.2630949352934646
0339_01,0.28
0339_02,0.02
0339_03,0.45
0339_04,0.8320198880271837
0339_05,0.7968574686011535
0339_06,0.1
0339_07,0.17
0339_08,0.34
0342_01,0.59
0342_02,0.8069286546237769
0344_01,0.887853371385577
0344_02,0.1
0349_01,0.0
0349_02,0.7609072154224767
0349_03,0.19
0349_04,0.8784403841209758
0349_05,0.12
0349_06,0.16
0351_01,0.8682265867263239
0353_01,0.6938871912606699
0353_02,0.7609072154224767
0354_01,0.68
0362_01,0.81
0363_01,0.53
0363_02,0.5786396072891944
0363_03,0.5405613693136165
0364_01,0.75
0364_02,0.09
0366_01,0.7822219950975784
0367_01,0.0
0374_01,0.47
0374_02,0.08
0386_01,0.0
0390_01,0.8765386640165438
0393_01,0.02
0394_01,0.84
0399_01,0.7913158269123948
0400_01,0.8261530851299625
0404_01,1.0
0406_01,0.26
0414_01,0.19
0416_01,0.35
0418_01,0.13
0419_01,0.74
0419_02,0.8569346446757425
0419_03,0.8585222794730099
0420_01,0.06
0421_01,0.99
0422_01,0.25
0424_01,0.14
0426_01,0.02
0440_01,0.43
0443_01,0.8646428571428573
0450_01,0.21
0451_01,0.8993301098503231
0455_01,0.24
0464_01,0.8784403841209758
0467_01,0.8079386185970384
0467_02,0.7968574686011535
0467_03,0.7986287821960061
0467_04,0.99
0469_01,0.05
0473_01,0.46
0478_01,0.02
0478_02,0.7986287821960061
0479_01,0.8631088214353962
0483_01,0.8784403841209758
0483_02,0.39
0484_01,0.8009645020265918
0486_01,0.65
0489_01,0.8993301098503231
0489_02,0.7913158269123948
0491_01,0.92
0492_01,0.21
0493_01,0.7937344883124681
0494_01,0.7913158269123948
0494_02,0.55
0495_01,0.7850151856474484
0495_02,0.7968574686011535
0495_03,0.5741296624783061
0495_04,0.6420791722218
0495_05,0.07
0495_06,0.5901710209923484
0496_01,0.7880748378792153
0496_02,0.8320198880271837
0497_01,0.8582952172149672
0505_01,0.2
0508_01,0.15
0509_01,0.8490624475792855
0511_01,0.09
0514_01,0.856560060399271
0524_01,0.85
0526_01,0.8598290538194574
0530_01,0.15
0530_02,0.12
0530_03,0.8649765479802609
0532_01,0.07
0532_02,0.856560060399271
0535_01,0.11
0536_01,0.13
0536_02,0.09
0541_01,0.8488121927781686
0543_01,0.8488121927781686
0544_01,0.99
0554_01,0.04
0557_01,0.8888714195816567
0557_02,0.7609072154224767
0558_01,0.73
0562_01,0.71
0562_02,0.8643427353232657
0574_01,0.03
0578_01,0.856560060399271
0578_02,1.0
0584_01,0.7609072154224767
0584_02,0.07
0592_01,0.4
0595_01,0.9785539509617471
0601_01,0.6738333333333333
0604_01,0.8
0605_01,0.49
0606_01,0.7986287821960061
0613_01,0.8009645020265918
0613_02,0.8914283568234914
0616_01,0.07
0617_01,0.2
0620_01,0.13
0620_02,0.83
0620_03,0.86
0621_01,0.27
0622_01,0.04
0624_01,0.8
0625_01,0.7968574686011535
0625_02,0.8914283568234914
0625_03,0.8261530851299625
0626_01,0.7835872024572464
0626_02,0.8079386185970384
0626_03,0.98
0627_01,0.89
0632_01,0.19
0632_02,0.58
0632_03,0.7913158269123948
0640_01,0.8242978343118587
0640_02,0.8582952172149672
0648_01,0.0
0648_02,0.18
0649_01,0.7017835800611123
0651_01,0.7835872024572464
0652_01,0.8069184938059675
0652_02,0.6420791722218
0652_03,0.7880748378792153
0652_04,0.21
0652_05,0.731579559329559
0654_01,0.64
0662_01,0.62
0666_01,0.8168468726426202
0666_02,0.85
0667_01,0.15
0670_01,0.34
0670_02,0.02
0673_01,0.7848155759427098
0675_01,0.58
0676_01,0.07560714285714286
0681_01,0.7609072154224767
0692_01,0.83
0694_01,0.8682265867263239
0695_01,0.9785539509617471
0698_01,0.51
0700_01,0.27
0706_01,0.8643427353232657
0708_01,0.8352592291906589
0708_02,0.8643427353232657
0711_01,0.1
0716_01,0.08
0717_01,0.7822219950975784
0717_02,0.64
0717_03,0.7968574686011535
0717_04,0.8490624475792855
0717_05,0.12
0717_06,0.17
0717_07,0.7058744486914157
0720_01,0.8261530851299625
0720_02,0.7880748378792153
0720_03,0.09
0721_01,0.5
0722_01,0.25
0723_01,0.04
0725_01,0.7968574686011535
0730_01,0.38
0731_01,0.2
0731_02,0.18
0735_01,0.33
0739_01,0.28
0741_01,0.53
0742_01,0.79
0742_02,0.7835872024572464
0744_01,0.8631088214353962
0745_01,0.01
0747_01,0.09
0748_01,0.8993301098503231
0748_02,0.04
0749_01,0.7494256042938293
0751_01,0.7609072154224767
0752_01,0.797488029785999
0755_01,0.58
0758_01,0.28
0758_02,1.0
0758_03,0.04
0759_01,0.9785539509617471
0759_02,0.07
0759_03,0.8488121927781686
0760_01,0.05
0763_01,0.8490624475792855
0763_02,0.05
0766_01,0.8598290538194574
0774_01,0.96
0774_02,0.12
0774_03,1.0
0775_01,0.7880748378792153
0775_02,0.7710259993817794
0775_03,0.7913158269123948
0775_04,0.08
0775_05,0.88
0775_06,0.7937344883124681
0778_01,0.8682265867263239
0778_02,0.29
0780_01,0.8024587586799864
0783_01,0.6
0792_01,0.856560060399271
0800_01,0.0
0801_01,0.7494256042938293
0803_01,0.8913611111111112
0804_01,0.8784403841209758
0807_01,0.32
0810_01,0.14
0812_01,0.8242978343118587
0814_01,0.18
0821_01,0.2844458874458874
0827_01,0.22
0827_02,0.5663333333333331
0827_03,1.0
0831_01,0.13
0832_01,0.7494256042938293
0837_01,0.8784403841209758
0837_02,0.0
0838_01,0.8079386185970384
0838_02,0.48
0841_01,0.16
0842_01,0.7835872024572464
0843_01,0.8069286546237769
0844_01,0.9580857533105869
0847_01,0.15
0852_01,0.3833095238095239
0854_01,0.7822219950975784
0855_01,0.4845422077922077
0856_01,0.22
0857_01,0.76
0858_01,0.13
0858_02,0.797488029785999
0861_01,0.63
0862_01,0.8261530851299625
0864_01,0.0
0864_02,0.8069286546237769
0864_03,0.5590296146846826
0866_01,0.887853371385577
0872_01,0.32
0880_01,0.8320198880271837
0880_02,0.8888714195816567
0882_01,0.97
0884_01,0.17
0884_02,0.5760000000000001
0886_01,0.14
0886_02,0.7749832883610308
0886_03,0.5405613693136165
0887_01,0.0
0887_02,0.11
0888_01,0.31
0888_02,0.32
0891_01,1.0
0892_01,0.856560060399271
0892_02,0.7609072154224767
0892_03,0.7749832883610308
0894_01,0.7749832883610308
0895_01,0.41
0896_01,0.26
0897_01,0.8914283568234914
0897_02,0.8784403841209758
0900_01,0.8273566975388335
0908_01,0.6080350911092746
0909_01,0.09
0909_02,0.8069184938059675
0909_03,0.8273566975388335
0914_01,0.01
0916_01,0.17
0917_01,0.35
0920_01,0.0
0929_01,0.47
0934_01,0.0
0936_01,0.09916666666666667
0937_01,0.7913158269123948
0943_01,0.8888714195816567
0943_02,0.5405613693136165
0943_03,0.25
0945_01,0.16
0945_02,0.09
0948_01,0.19
0950_01,0.797488029785999
0954_01,0.5
0958_01,0.22
0959_01,0.14
0962_01,1.0
0963_01,0.8914283568234914
0967_01,0.1
0973_01,0.02
0974_01,0.18
0977_01,0.7494256042938293
0980_01,0.32
0981_01,0.15
0981_02,1.0
0986_01,0.1
0986_02,0.8888714195816567
0996_01,0.45
0999_01,0.7609072154224767
0999_02,0.45
1003_01,0.08
1007_01,0.17
1009_01,0.06
1010_01,0.7749832883610308
1016_01,0.01
1021_01,0.34
1023_01,0.7986287821960061
1028_01,0.8585222794730099
1037_01,0.7937344883124681
1039_01,0.24
1042_01,0.28
1044_01,0.92
1050_01,0.7968574686011535
1055_01,0.56
1059_01,0.8079386185970384
1059_02,0.8993301098503231
1061_01,0.7848155759427098
1064_01,0.56
1064_02,0.5945260180314523
1067_01,0.47
1069_01,0.8168468726426202
1070_01,0.7
1072_01,0.8390417522364109
1072_02,0.7822219950975784
1072_03,0.8
1072_04,0.51
1072_05,0.34
1072_06,0.21
1072_07,0.7835872024572464
1072_08,0.8598290538194574
1073_01,0.22
1074_01,0.5786396072891944
1074_02,0.8320198880271837
1081_01,0.6347142857142858
1087_01,0.67
1090_01,0.7609072154224767
1090_02,0.61
1092_01,0.8273566975388335
1098_01,0.22
1101_01,0.7
1103_01,0.21
1104_01,0.7822219950975784
1106_01,0.11
1106_02,0.8643427353232657
1107_01,0.14
1109_01,0.17
1111_01,0.6938871912606699
1111_02,0.5405613693136165
1111_03,0.09
1118_01,0.0
1118_02,0.9471149324143032
1118_03,0.5945260180314523
1118_04,0.33
1118_05,0.0
1119_01,0.28
1119_02,0.7848155759427098
1120_01,1.0
1122_01,0.8643427353232657
1124_01,0.7848155759427098
1124_02,0.8079386185970384
1124_03,0.13
1125_01,0.4
1125_02,0.8598290538194574
1126_01,0.797488029785999
1128_01,0.8320198880271837
1128_02,0.8168468726426202
1131_01,1.0
1135_01,0.11
1135_02,0.97
1135_03,0.01
1135_04,0.73
1137_01,0.36
1137_02,0.16
1138_01,1.0
1139_01,0.7835872024572464
1143_01,0.62
1145_01,0.7880748378792153
1145_02,0.54
1145_03,0.29
1145_04,0.7007716576801708
1151_01,0.58
1157_01,0.07
1158_01,0.7937344883124681
1158_02,0.8273566975388335
1159_01,0.7494256042938293
1159_02,0.35586687000574735
1159_03,0.9042735676221757
1160_01,0.28
1164_01,0.45
1171_01,0.14
1172_01,0.7913158269123948
1176_01,0.39
1181_01,0.48
1183_01,0.7913158269123948
1183_02,0.24
1183_03,0.8273566975388335
1184_01,0.8273566975388335
1184_02,0.43
1189_01,0.07
1194_01,0.07
1196_01,0.03
1196_02,0.08
1200_01,0.7749832883610308
1201_01,0.11
1201_02,0.87
1202_01,0.11
1204_01,0.41
1205_01,0.11
1207_01,0.5816342167873687
1207_02,0.7017835800611123
1207_03,0.7710259993817794
1207_04,0.71
1209_01,0.07
1209_02,0.3
1217_01,0.5786396072891944
1217_02,0.8784403841209758
1219_01,0.01
1219_02,0.797488029785999
1224_01,0.7543005476282515
1224_02,0.95
1226_01,0.8993301098503231
1226_02,0.8069286546237769
1227_01,0.8784403841209758
1237_01,0.2
1241_01,0.22
1244_01,0.7913158269123948
1245_01,0.8352592291906589
1247_01,0.5316814481882963
1249_01,0.29
1251_01,0.8490624475792855
1252_01,0.01
1253_01,0.0
1257_01,0.8993301098503231
1257_02,0.7096748590265716
1257_03,0.66
1257_04,0.99
1262_01,0.7880748378792153
1262_02,0.31
1265_01,0.8643427353232657
1266_01,0.2
1268_01,0.7822219950975784
1270_01,0.79
1272_01,0.07
1275_01,0.15
1276_01,0.8575255300255299
1277_01,0.1
1290_01,0.07
1296_01,0.14
1297_01,0.95
1298_01,0.5901710209923484
1301_01,0.33
1301_02,0.5405613693136165
1301_03,0.7968574686011535
1303_01,0.602
1305_01,0.6
1313_01,0.46
1314_01,0.07
1315_01,0.79
1318_01,0.8585222794730099
1319_01,0.08
1319_02,0.06
1320_01,0.8261530851299625
1320_02,0.6938871912606699
1320_03,0.6938871912606699
1321_01,0.8069286546237769
1321_02,0.7303246513342921
1321_03,0.09
1321_04,0.31
1327_01,0.7822219950975784
1329_01,0.25
1334_01,0.12
1338_01,0.7968574686011535
1338_02,0.8569346446757425
1339_01,0.8569346446757425
1341_01,0.14
1341_02,0.8569346446757425
1341_03,0.4907976190476191
1343_01,0.01
1343_02,0.96
1343_03,0.31
1344_01,0.24
1346_01,0.5901710209923484
1349_01,0.9785539509617471
1349_02,0.8784403841209758
1354_01,0.21
1354_02,0.759781746031746
1354_03,0.8682265867263239
1354_04,1.0
1354_05,0.8490624475792855
1354_06,0.856560060399271
1354_07,0.76
1358_01,0.7835872024572464
1358_02,0.27
1359_01,0.29
1361_01,0.7822219950975784
1361_02,0.07
1363_01,0.43
1364_01,0.38
1364_02,0.5
1367_01,0.8490624475792855
1369_01,0.72
1369_02,0.9785539509617471
1369_03,1.0
1372_01,0.8488121927781686
1373_01,0.78
1374_01,0.9681891996811315
1388_01,0.856560060399271
1392_01,0.23
1394_01,0.7543005476282515
1396_01,0.63
1405_01,0.5543545745989801
1409_01,0.3
1409_02,0.8069286546237769
1411_01,0.78
1418_01,0.68
1422_01,0.7848155759427098
1422_02,0.02
1422_03,0.01
1429_01,0.71
1432_01,0.37
1432_02,0.01
1436_01,0.45
1437_01,0.41
1441_01,0.17
1446_01,0.16
1448_01,0.5950638583905914
1449_01,0.12
1456_01,0.42
1459_01,0.3
1464_01,0.07
1466_01,0.7058744486914157
1468_01,0.415
1469_01,0.08
1469_02,0.27
1470_01,0.8261530851299625
1471_01,0.5945260180314523
1471_02,0.7710259993817794
1471_03,0.7017835800611123
1471_04,0.7007716576801708
1471_05,0.5894412273313202
1472_01,0.8490624475792855
1473_01,0.04
1473_02,0.11
1475_01,0.7
1476_01,0.46
1477_01,0.48
1477_02,0.15
1480_01,0.8914283568234914
1482_01,0.8079386185970384
1483_01,0.3525
1486_01,0.8682265867263239
1487_01,0.7968574686011535
1487_02,0.44
1492_01,0.09
1492_02,0.13
1494_01,0.14
1495_01,0.14
1495_02,0.8225902185190107
1496_01,0.8024587586799864
1497_01,0.856560060399271
1497_02,0.7913158269123948
1502_01,0.01
1502_02,0.99
1502_03,0.7937344883124681
1502_04,1.0
1504_01,0.1
1505_01,0.13
1508_01,0.12
1512_01,0.29
1513_01,0.7835872024572464
1514_01,0.8585222794730099
1516_01,0.57
1517_01,0.3
1518_01,0.03
1518_02,0.3
1519_01,0.22
1522_01,0.8582952172149672
1530_01,0.95
1534_01,0.25
1534_02,0.0
1535_01,0.01
1537_01,1.0
1538_01,0.0
1538_02,0.1
1546_01,0.7848155759427098
1549_01,0.54
1553_01,0.8582952172149672
1553_02,0.13
1554_01,0.8993301098503231
1554_02,0.515
1556_01,0.8490624475792855
1557_01,1.0
1559_01,0.7848155759427098
1559_02,0.8582952172149672
1563_01,0.7835872024572464
1566_01,0.8242978343118587
1570_01,0.17
1571_01,0.19
1574_01,0.7937344883124681
1575_01,0.8352592291906589
1582_01,0.69
1582_02,0.7880748378792153
1583_01,0.8225902185190107
1586_01,0.18
1587_01,0.7986287821960061
1587_02,0.8582952172149672
1589_01,0.11
1591_01,0.01
1591_02,1.0
1598_01,0.76
1598_02,0.51
1600_01,0.17
1605_01,0.10761467889908256
1607_01,0.8261530851299625
1609_01,0.29
1610_01,0.78
1616_01,0.3833095238095239
1618_01,0.06
1620_01,0.05
1623_01,0.24
1627_01,0.8598290538194574
1629_01,0.7084376715476062
1629_02,0.7017835800611123
1629_03,0.7822219950975784
1629_04,0.005
1629_05,0.7835872024572464
1629_06,0.8631088214353962
1639_01,0.28
1641_01,0.8497380623934024
1642_01,0.06
1643_01,0.27
1648_01,0.8490624475792855
1652_01,0.7850151856474484
1654_01,0.05
1664_01,0.46
1665_01,0.7749832883610308
1665_02,0.8490624475792855
1667_01,0.03
1675_01,0.797488029785999
1678_01,0.13
1679_01,0.5894412273313202
1680_01,0.01
1680_02,0.8352592291906589
1683_01,0.21
1684_01,0.1
1686_01,0.38
1689_01,0.6938871912606699
1689_02,0.58
1689_03,0.89
1692_01,0.8631088214353962
1693_01,0.6
1701_01,0.8079386185970384
1702_01,0.91
1703_01,0.46
1706_01,0.22
1707_01,0.43
1716_01,0.32
1720_01,0.08
1722_01,0.16
1726_01,0.25
1726_02,0.9042735676221757
1726_03,0.24
1732_01,0.7609072154224767
1735_01,0.2
1737_01,0.46
1741_01,0.7
1741_02,0.7850151856474484
1741_03,0.7084376715476062
1743_01,0.17
1744_01,0.21
1750_01,0.7937344883124681
1751_01,0.7822219950975784
1751_02,0.76191227551291
1754_01,0.56
1756_01,0.43
1759_01,0.8273566975388335
1765_01,0.8242978343118587
1773_01,0.05
1777_01,0.0
1777_02,0.999090909090909
1780_01,0.36
1784_01,0.19
1787_01,0.7804957095620398
1788_01,0.18
1789_01,0.35586687000574735
1790_01,0.7543005476282515
1790_02,0.8899052519990346
1791_01,0.8242978343118587
1791_02,0.7494256042938293
1793_01,0.28
1793_02,0.57
1794_01,0.01
1795_01,0.03
1801_01,0.75
1801_02,0.07
1809_01,0.8079386185970384
1814_01,0.39
1814_02,0.8490624475792855
1814_03,0.7880748378792153
1815_01,0.8631088214353962
1819_01,0.26
1820_01,0.7835872024572464
1824_01,0.45
1825_01,0.43
1825_02,0.51
1830_01,0.8569346446757425
1832_01,0.17
1835_01,0.8079386185970384
1835_02,0.8914283568234914
1837_01,0.8643427353232657
1838_01,0.8585222794730099
1839_01,0.19
1840_01,0.7609072154224767
1842_01,0.09
1845_01,0.09
1851_01,0.13
1851_02,0.7986287821960061
1852_01,0.8488121927781686
1852_02,0.53
1852_03,0.8598290538194574
1852_04,0.8490624475792855
1858_01,1.0
1862_01,0.32
1862_02,0.14
1862_03,0.7880748378792153
1867_01,0.8993301098503231
1869_01,0.14
1870_01,0.04
1875_01,0.34
1876_01,0.29
1883_01,0.8352592291906589
1885_01,0.42
1893_01,0.9785539509617471
1894_01,0.7494256042938293
1895_01,0.41
1896_01,0.12
1900_01,0.66
1904_01,0.0
1909_01,0.8682265867263239
1909_02,0.8352592291906589
1909_03,0.06
1910_01,0.35586687000574735
1910_02,0.0
1910_03,0.36
1910_04,0.7017835800611123
1912_01,0.27
1913_01,0.714261673264347
1913_02,0.8390417522364109
1913_03,0.8643427353232657
1914_01,0.887853371385577
1917_01,0.7347499999999999
1919_01,0.7804957095620398
1921_01,0.13
1921_02,0.15
1924_01,0.8320198880271837
1929_01,0.06
1930_01,0.04
1932_01,0.0
1934_01,0.12
1936_01,0.12
1943_01,0.13
1944_01,0.33
1948_01,0.03
1948_02,0.7494256042938293
1949_01,0.26
1951_01,0.8784403841209758
1951_02,0.02
1954_01,0.1
1955_01,0.24
1958_01,0.06
1965_01,0.8585222794730099
1966_01,0.4
1970_01,0.09
1972_01,0.59
1982_01,0.03
1986_01,0.8888714195816567
1987_01,0.7
1989_01,0.7096748590265716
1990_01,0.7848155759427098
1990_02,0.8443772047608148
1998_01,0.3
2002_01,0.8390417522364109
2004_01,0.7822219950975784
2005_01,0.29
2005_02,0.7880748378792153
2008_01,0.35
2014_01,0.7058744486914157
2016_01,0.7822219950975784
2016_02,0.27
2017_01,0.38427895715395716
2017_02,0.25
2018_01,0.7850151856474484
2020_01,0.64
2021_01,0.797488029785999
2023_01,0.82
2023_02,0.7850151856474484
2023_03,0.8069184938059675
2025_01,0.06
2030_01,0.59
2031_01,0.23
2033_01,0.43
2035_01,0.04
2035_02,0.8261530851299625
2036_01,0.8079386185970384
2036_02,0.415
2036_03,0.7880748378792153
2037_01,0.8079386185970384
2037_02,0.12
2039_01,0.7084376715476062
2039_02,0.7494256042938293
2039_03,0.8490624475792855
2047_01,0.856560060399271
2048_01,0.61
2049_01,0.8261530851299625
2050_01,0.29
2057_01,0.5316814481882963
2057_02,0.5816342167873687
2057_03,0.15
2057_04,0.7937344883124681
2057_05,0.95
2058_01,0.08
2064_01,0.797488029785999
2068_01,0.8784403841209758
2068_02,1.0
2068_03,1.0
2068_04,0.06
2068_05,0.97
2069_01,0.07
2072_01,0.1
2072_02,0.08
2076_01,0.8443772047608148
2077_01,0.1
2078_01,0.9866666666666666
2079_01,0.85
2079_02,0.13
2079_03,0.13
2093_01,0.24
2098_01,0.22123504273504274
2101_01,0.8631088214353962
2101_02,0.57
2103_01,0.13
2108_01,0.26
2108_02,0.24
2109_01,0.8631088214353962
2113_01,0.8569346446757425
2119_01,0.44
2119_02,0.8585222794730099
2122_01,0.612
2132_01,0.7494256042938293
2146_01,0.99
2146_02,0.7848155759427098
2151_01,0.8470052294133573
2155_01,0.89
2157_01,0.09
2160_01,0.0
2160_02,0.7968574686011535
2160_03,0.5894412273313202
2165_01,0.61
2166_01,0.48
2169_01,0.33
2170_01,0.02
2174_01,0.02
2176_01,0.8490624475792855
2178_01,0.3
2181_01,0.06
2184_01,0.7835872024572464
2184_02,0.97
2185_01,0.7986287821960061
2192_01,0.37
2197_01,0.25666666666666665
2199_01,0.19
2208_01,0.34
2213_01,0.19
2214_01,0.27
2216_01,0.83
2217_01,0.19
2218_01,0.47
2222_01,0.7494256042938293
2226_01,0.39
2227_01,0.797488029785999
2230_01,0.5316814481882963
2236_01,0.41
2240_01,0.6938871912606699
2240_02,0.18
2240_03,0.7880748378792153
2242_01,0.7913158269123948
2244_01,0.86
2245_01,0.8069286546237769
2245_02,0.9614473736968451
2246_01,0.54
2246_02,0.16
2247_01,0.02
2248_01,0.15
2249_01,0.72
2250_01,0.08
2259_01,0.4
2259_02,0.8585222794730099
2260_01,0.8993301098503231
2265_01,0.06
2271_01,0.06
2276_01,0.7937344883124681
2276_02,0.22
2283_01,0.22
2285_01,0.24
2286_01,0.49
2290_01,0.7822219950975784
2292_01,0.7494256042938293
2293_01,0.7096748590265716
2294_01,0.76
2297_01,0.08
2304_01,0.7609072154224767
2307_01,0.5316814481882963
2307_02,0.35586687000574735
2307_03,0.7084376715476062
2307_04,0.7880748378792153
2307_05,0.6080350911092746
2322_01,0.16
2323_01,0.15
2324_01,0.15
2326_01,0.7822219950975784
2328_01,0.34
2330_01,0.02
2331_01,0.8490624475792855
2334_01,0.08
2335_01,0.8582952172149672
2337_01,0.8320198880271837
2342_01,0.1
2343_01,0.856560060399271
2343_02,1.0
2344_01,0.09
2344_02,0.8320198880271837
2346_01,0.08
2350_01,0.51
2350_02,0.11
2350_03,0.7494256042938293
2351_01,0.18
2351_02,0.07
2352_01,0.24
2354_01,0.23
2355_01,0.7986287821960061
2355_02,0.7835872024572464
2355_03,0.13
2355_04,1.0
2358_01,0.19
2359_01,0.49
2362_01,0.4220038017538018
2370_01,0.8488121927781686
2370_02,0.7850151856474484
2370_03,0.21
2370_04,0.7880748378792153
2371_01,0.18
2372_01,0.26
2378_01,0.59
2378_02,0.5405613693136165
2380_01,0.01
2380_02,0.8242978343118587
2381_01,0.7609072154224767
2383_01,0.33
2383_02,0.02
2386_01,0.8784403841209758
2388_01,0.06
2388_02,0.8320198880271837
2393_01,0.14
2394_01,0.36
2394_02,0.5316814481882963
2394_03,0.23
2400_01,0.37
2405_01,0.09
2407_01,0.9350000000000002
2408_01,0.15
2415_01,1.0
2418_01,0.03
2420_01,0.32
2422_01,0.07
2422_02,0.7913158269123948
2425_01,0.7968574686011535
2425_02,0.53
2425_03,0.54
2425_04,0.5816342167873687
2425_05,0.7968574686011535
2425_06,0.7850151856474484
2428_01,0.18
2430_01,0.887853371385577
2430_02,0.6420791722218
2430_03,0.13
2434_01,0.8598290538194574
2434_02,0.26
2437_01,0.12
2440_01,0.47
2447_01,0.3
2448_01,0.8320198880271837
2448_02,0.8582952172149672
2450_01,0.0
2459_01,0.7822219950975784
2464_01,0.02
2465_01,0.05
2468_01,0.8069286546237769
2469_01,0.7835872024572464
2469_02,0.21
2473_01,0.02
2481_01,0.8079386185970384
2481_02,0.16
2482_01,0.08
2482_02,0.01
2484_01,1.0
2484_02,0.16
2485_01,0.05
2487_01,0.7084376715476062
2487_02,0.7913158269123948
2487_03,0.25
2490_01,0.08
2493_01,0.0
2493_02,0.23
2494_01,0.7913158269123948
2494_02,0.02
2495_01,0.06
2501_01,0.7543005476282515
2504_01,0.32
2507_01,0.797488029785999
2511_01,0.47
2514_01,0.58
2517_01,0.8585222794730099
2525_01,0.09
2529_01,0.33
2533_01,0.23
2536_01,0.7543005476282515
2538_01,0.7609072154224767
2538_02,0.7848155759427098
2539_01,0.45
2543_01,0.5
2554_01,0.58
2556_01,0.9785539509617471
2563_01,0.8569346446757425
2566_01,0.12
2567_01,0.8784403841209758
2567_02,0.856560060399271
2568_01,0.65
2569_01,0.63
2570_01,0.7913158269123948
2575_01,0.93
2576_01,0.887853371385577
2577_01,0.7494256042938293
2577_02,0.5590296146846826
2579_01,0.16
2583_01,0.7609072154224767
2585_01,0.9785539509617471
2586_01,0.8914283568234914
2587_01,0.9785539509617471
2587_02,0.8079386185970384
2600_01,0.99
2603_01,0.8242978343118587
2603_02,0.59
2604_01,0.7822219950975784
2608_01,0.8079386185970384
2610_01,0.39
2611_01,0.19
2612_01,0.4
2613_01,0.45
2614_01,0.07
2615_01,0.48
2620_01,0.8682265867263239
2621_01,0.01
2623_01,0.14
2630_01,0.34
2630_02,0.5590296146846826
2630_03,0.7017835800611123
2632_01,0.35
2637_01,0.14916666666666667
2637_02,0.6938871912606699
2637_03,0.7880748378792153
2639_01,0.7835872024572464
2644_01,0.05
2653_01,0.61
2654_01,0.03
2656_01,0.8069286546237769
2665_01,0.07
2667_01,0.887853371385577
2667_02,0.05
2667_03,0.02
2667_04,0.8168468726426202
2667_05,0.7835872024572464
2669_01,0.05
2673_01,0.8
2674_01,0.5786396072891944
2674_02,0.41
2680_01,0.0
2681_01,0.8069286546237769
2686_01,0.22
2689_01,0.06
2694_01,0.8899052519990346
2694_02,0.95
2696_01,0.81
2699_01,0.26
2705_01,0.8079386185970384
2710_01,0.7986287821960061
2710_02,0.8585222794730099
2711_01,0.64
2715_01,0.12
2715_02,0.25
2716_01,0.0
2716_02,0.8320198880271837
2719_01,0.25
2719_02,0.5741296624783061
2719_03,0.05
2728_01,0.38
2731_01,0.7822219950975784
2733_01,0.35
2735_01,0.16
2742_01,0.8242978343118587
2744_01,0.7292631105816051
2749_01,0.8784403841209758
2757_01,0.03
2761_01,0.28
2761_02,0.8
2766_01,0.8569346446757425
2767_01,0.09
2771_01,0.25
2775_01,0.06
2776_01,0.61
2777_01,0.9901521167804668
2779_01,0.28
2782_01,0.04
2791_01,0.08
2794_01,0.14
2794_02,0.09
2794_03,0.99
2794_04,0.7494256042938293
2794_05,0.11
2794_06,0.8320198880271837
2794_07,0.7913158269123948
2800_01,0.8261530851299625
2803_01,0.8585222794730099
2804_01,0.7822219950975784
2808_01,0.8168468726426202
2808_02,0.98
2815_01,0.32
2815_02,0.8069184938059675
2815_03,0.48
2816_01,0.3833095238095239
2827_01,0.8024587586799864
2828_01,0.23
2829_01,0.7913158269123948
2830_01,0.7835872024572464
2833_01,0.8569346446757425
2836_01,0.98
2841_01,0.0
2842_01,0.8490624475792855
2844_01,0.03
2845_01,0.7835872024572464
2845_02,0.8079386185970384
2848_01,0.8585222794730099
2848_02,0.8765386640165438
2848_03,0.8273566975388335
2849_01,0.22
2850_01,0.7007716576801708
2850_02,0.7968574686011535
2850_03,0.33
2850_04,0.5316814481882963
2851_01,0.32
2855_01,0.8024587586799864
2864_01,0.08
2868_01,0.6080350911092746
2868_02,0.8069184938059675
2868_03,0.76191227551291
2868_04,0.58
2874_01,0.11
2879_01,0.04
2885_01,0.03
2886_01,0.01
2889_01,0.22
2895_01,0.7543005476282515
2896_01,0.19
2898_01,1.0
2898_02,0.8585222794730099
2903_01,0.77
2904_01,0.07
2904_02,0.887853371385577
2911_01,0.8490624475792855
2914_01,0.7494256042938293
2915_01,0.8888714195816567
2916_01,0.7968574686011535
2917_01,0.02
2918_01,0.0
2921_01,0.32
2922_01,0.81
2923_01,0.79
2924_01,0.11
2931_01,0.8598290538194574
2931_02,0.12
2932_01,0.8888714195816567
2933_01,0.32
2937_01,0.37
2939_01,0.99
2946_01,0.2
2946_02,0.32
2946_03,0.45
2946_04,0.2
2947_01,0.9785539509617471
2951_01,0.11
2952_01,0.22
2955_01,0.2
2957_01,0.8585222794730099
2963_01,0.54
2967_01,0.58
2973_01,0.21
2974_01,0.2
2976_01,0.8598290538194574
2976_02,0.8352592291906589
2976_03,0.8443772047608148
2976_04,0.05
2977_01,0.37
2977_02,0.25
2977_03,0.08
2978_01,0.15
2980_01,0.15
2981_01,0.8320198880271837
2985_01,0.78
2987_01,0.13
2989_01,0.34
2991_01,0.05
2997_01,0.7835872024572464
2997_02,0.05
2997_03,0.09
2997_04,0.8069286546237769
2999_01,0.48
3002_01,0.13
3007_01,0.2
3008_01,0.856560060399271
3008_02,0.07
3008_03,0.7609072154224767
3008_04,0.6
3008_05,0.8079386185970384
3008_06,0.9785539509617471
3011_01,0.7835872024572464
3016_01,0.5945260180314523
3016_02,0.7710259993817794
3016_03,0.7710259993817794
3016_04,0.06
3017_01,0.9
3028_01,0.8079386185970384
3031_01,0.7913158269123948
3035_01,0.6446190476190476
3037_01,0.8582952172149672
3037_02,0.9785539509617471
3041_01,0.23
3043_01,0.71
3046_01,0.86
3049_01,0.04
3051_01,0.11
3052_01,0.05
3056_01,0.8352592291906589
3057_01,0.22439285714285717
3058_01,0.08
3059_01,0.999090909090909
3069_01,0.2
3072_01,0.8390417522364109
3074_01,0.51
3075_01,0.68
3077_01,0.7609072154224767
3077_02,0.8582952172149672
3078_01,0.02
3078_02,0.0
3078_03,0.7822219950975784
3078_04,0.0
3086_01,0.72375
3089_01,0.8631088214353962
3094_01,0.7494256042938293
3097_01,0.8320198880271837
3098_01,0.14
3101_01,0.28
3105_01,0.7968574686011535
3105_02,0.68
3105_03,0.7968574686011535
3106_01,0.6
3107_01,1.0
3108_01,0.8009645020265918
3109_01,0.83
3115_01,0.9785539509617471
3122_01,0.14
3122_02,0.24
3125_01,0.0
3125_02,0.02
3127_01,0.799944444444444
3129_01,0.75
3135_01,0.41
3137_01,0.7913158269123948
3139_01,0.27
3141_01,0.7835872024572464
3144_01,0.2
3146_01,0.21
3148_01,0.7345454545454545
3148_02,0.34
3150_01,0.5901710209923484
3151_01,0.8320198880271837
3153_01,0.5
3153_02,0.7303246513342921
3154_01,0.7986287821960061
3155_01,0.7986287821960061
3155_02,0.96
3156_01,0.17
3157_01,0.18
3160_01,0.01
3165_01,0.23
3167_01,0.66
3170_01,0.8582952172149672
3173_01,0.8993301098503231
3177_01,0.4
3178_01,0.8079386185970384
3183_01,0.32
3186_01,0.7913158269123948
3187_01,0.41
3190_01,0.2
3190_02,0.8899052519990346
3194_01,0.59
3198_01,0.04
3199_01,0.83
3202_01,0.92
3207_01,0.37
3208_01,0.31
3214_01,0.8993301098503231
3222_01,0.21
3226_01,0.797488029785999
3228_01,0.22
3231_01,0.8643427353232657
3233_01,0.59
3234_01,0.21
3242_01,0.22
3244_01,0.8784403841209758
3244_02,0.7937344883124681
3244_03,0.7913158269123948
3245_01,0.42
3245_02,0.03
3246_01,0.6471428571428572
3249_01,0.09
3249_02,0.52
3250_01,0.47
3251_01,0.08
3257_01,0.7968574686011535
3261_01,0.3
3263_01,0.8598290538194574
3264_01,0.09
3265_01,0.02
3265_02,0.5945260180314523
3265_03,0.8009645020265918
3265_04,0.5945260180314523
3266_01,0.39
3267_01,0.8069286546237769
3277_01,0.0
3278_01,0.8784403841209758
3281_01,0.7986287821960061
3285_01,0.26
3285_02,0.9785539509617471
3286_01,0.08
3288_01,0.7822219950975784
3290_01,0.8009645020265918
3290_02,0.01
3291_01,0.856560060399271
3302_01,0.09166666666666666
3303_01,0.05
3306_01,0.01
3307_01,0.94
3316_01,0.88
3320_01,0.0
3320_02,0.08
3321_01,0.8993301098503231
3333_01,0.74
3334_01,0.7543005476282515
3335_01,0.04
3340_01,0.19
3341_01,0.7494256042938293
3341_02,0.01
3344_01,0.7822219950975784
3344_02,0.8569346446757425
3345_01,0.7007716576801708
3345_02,0.01
3345_03,0.8320198880271837
3346_01,0.24
3347_01,0.98
3347_02,0.12
3351_01,0.8643427353232657
3351_02,0.77
3354_01,0.2
3355_01,0.797488029785999
3356_01,0.44
3358_01,0.11
3362_01,0.19
3362_02,0.03
3366_01,0.8490624475792855
3367_01,0.75
3368_01,0.7913158269123948
3368_02,0.8585222794730099
3368_03,0.22
3368_04,0.7494256042938293
3368_05,0.7543005476282515
3368_06,0.01
3368_07,0.02
3369_01,0.38
3373_01,0.7986287821960061
3374_01,0.28
3375_01,0.04
3376_01,0.66
3378_01,0.581
3379_01,0.6366666666666667
3385_01,0.745
3388_01,0.97
3393_01,0.6080350911092746
3398_01,0.21
3399_01,0.07
3400_01,0.8242978343118587
3407_01,0.09
3407_02,0.35
3411_01,0.37
3411_02,0.55
3411_03,0.41
3411_04,0.2
3411_05,0.7835872024572464
3411_06,0.5590296146846826
3411_07,0.33
3414_01,0.06
3416_01,0.01
3427_01,0.8009645020265918
3429_01,0.8582952172149672
3435_01,0.2
3436_01,0.797488029785999
3448_01,0.5330369609320846
3448_02,0.4970517280703845
3451_01,0.17
3452_01,0.47
3457_01,0.8488121927781686
3460_01,0.01
3463_01,0.42
3466_01,0.24
3471_01,0.03
3472_01,0.93
3477_01,0.05
3477_02,0.9
3479_01,0.17
3481_01,0.03
3482_01,0.02
3482_02,0.797488029785999
3493_01,0.78
3494_01,0.03
3494_02,0.88
3498_01,0.11
3500_01,0.31
3502_01,0.13
3503_01,0.29
3505_01,0.11
3507_01,0.44
3508_01,0.58
3508_02,1.0
3509_01,0.8443772047608148
3509_02,0.21
3510_01,0.7829982930869154
3513_01,0.8225902185190107
3513_02,0.8643427353232657
3513_03,0.35
3513_04,0.8585222794730099
3516_01,0.02
3517_01,0.52
3522_01,0.7848155759427098
3524_01,0.17
3526_01,0.08
3529_01,0.9785539509617471
3532_01,0.7968574686011535
3538_01,0.0
3541_01,0.32
3544_01,0.17
3544_02,0.37
3545_01,0.26
3549_01,0.01
3549_02,0.999090909090909
3551_01,0.17
3554_01,0.22
3557_01,0.38
3571_01,0.7609072154224767
3574_01,0.21
3575_01,0.1
3580_01,0.93
3580_02,0.7968574686011535
3581_01,0.27
3583_01,0.36
3585_01,0.8352592291906589
3587_01,0.7609072154224767
3587_02,0.48
3587_03,0.7880748378792153
3589_01,0.0
3589_02,0.8069184938059675
3589_03,0.9042735676221757
3589_04,0.5405613693136165
3589_05,0.37
3589_06,0.7710259993817794
3589_07,0.7968574686011535
3590_01,0.29
3593_01,0.78
3599_01,0.67
3601_01,0.21
3601_02,0.7007716576801708
3601_03,0.9042735676221757
3601_04,0.7017835800611123
3601_05,0.8643427353232657
3601_06,0.06
3601_07,0.35586687000574735
3603_01,0.7749832883610308
3603_02,0.8569346446757425
3604_01,0.7829982930869154
3611_01,0.25
3617_01,0.28
3617_02,0.5816342167873687
3617_03,0.13
3618_01,0.8242978343118587
3618_02,0.11
3618_03,1.0
3618_04,0.12
3621_01,0.06
3621_02,0.01
3623_01,0.72
3627_01,0.98
3632_01,0.23
3633_01,0.6543095238095239
3635_01,0.8585222794730099
3635_02,0.18
3637_01,0.26
3638_01,0.23
3643_01,0.7609072154224767
3646_01,0.07
3646_02,0.27
3649_01,0.135
3651_01,0.8488121927781686
3656_01,0.66
3656_02,0.11
3657_01,0.8631088214353962
3657_02,0.8598290538194574
3657_03,0.51
3659_01,0.57
3659_02,0.8069184938059675
3659_03,0.7804957095620398
3659_04,0.76191227551291
3659_05,0.17
3659_06,0.61
3659_07,0.6938871912606699
3661_01,0.06
3663_01,0.7494256042938293
3666_01,0.8993301098503231
3669_01,0.45
3670_01,0.8443772047608148
3672_01,0.11
3672_02,0.51
3673_01,0.6420791722218
3675_01,0.56
3675_02,0.7096748590265716
3675_03,0.7913158269123948
3676_01,0.8631088214353962
3683_01,0.7913158269123948
3683_02,0.8643427353232657
3684_01,0.7058744486914157
3684_02,0.5786396072891944
3685_01,0.45
3687_01,0.82
3689_01,0.14
3694_01,0.8649765479802609
3695_01,0.15
3696_01,0.8582952172149672
3697_01,0.26
3698_01,0.19
3701_01,0.8168468726426202
3701_02,0.86
3701_03,0.8899052519990346
3709_01,0.8993301098503231
3712_01,0.7968574686011535
3712_02,0.9042735676221757
3712_03,0.7968574686011535
3712_04,0.81
3712_05,0.5590296146846826
3717_01,0.06
3717_02,0.8168468726426202
3718_01,0.7609072154224767
3720_01,0.887853371385577
3720_02,0.7084376715476062
3720_03,0.7494256042938293
3721_01,0.03
3722_01,0.39
3723_01,0.23
3725_01,0.7913158269123948
3727_01,0.12
3730_01,0.8009645020265918
3731_01,0.8643427353232657
3738_01,0.72
3740_01,0.09
3746_01,0.24
3746_02,0.7880748378792153
3746_03,0.8585222794730099
3746_04,0.7968574686011535
3762_01,0.52
3763_01,0.01
3764_01,0.8784403841209758
3764_02,0.5405613693136165
3766_01,0.8079386185970384
3766_02,0.8320198880271837
3780_01,0.8069286546237769
3782_01,0.24
3782_02,0.0
3791_01,0.05
3792_01,0.8024587586799864
3794_01,0.8569346446757425
3799_01,0.52
3800_01,0.38
3802_01,0.19
3806_01,0.8352592291906589
3808_01,0.43
3809_01,0.15
3809_02,0.48680034263122485
3813_01,0.7913158269123948
3819_01,0.13
3825_01,0.1
3827_01,0.24
3828_01,1.0
3828_02,0.12
3828_03,0.24602380952380948
3829_01,0.18
3829_02,0.62
3833_01,0.8079386185970384
3834_01,0.7913158269123948
3837_01,0.31
3840_01,0.0
3843_01,0.29
3844_01,0.32
3844_02,1.0
3845_01,0.32
3855_01,0.999090909090909
3858_01,0.8899052519990346
3858_02,0.8352592291906589
3858_03,0.09
3858_04,0.17
3859_01,0.7835872024572464
3860_01,1.0
3861_01,0.06
3863_01,0.51
3865_01,0.8914283568234914
3869_01,0.8024587586799864
3876_01,0.9614523809523808
3876_02,0.5
3876_03,0.7986287821960061
3877_01,0.18
3878_01,0.09
3880_01,0.86
3881_01,0.13
3882_01,0.8993301098503231
3884_01,0.1
3885_01,0.05
3887_01,1.0
3889_01,0.31
3889_02,0.24
3891_01,0.69
3892_01,0.7835872024572464
3892_02,0.02
3893_01,0.09
3893_02,0.7880748378792153
3893_03,0.2
3900_01,0.34
3901_01,0.79
3902_01,0.7494256042938293
3905_01,0.856560060399271
3906_01,0.0
3906_02,0.13
3908_01,0.51
3908_02,0.7880748378792153
3910_01,0.8569346446757425
3914_01,0.15
3918_01,0.06
3920_01,0.07
3925_01,0.02
3925_02,0.16
3929_01,0.8333928571428573
3934_01,0.856560060399271
3934_02,0.51
3943_01,0.52
3943_02,0.8261530851299625
3943_03,0.16
3947_01,0.22
3951_01,0.25
3953_01,0.7848155759427098
3956_01,0.63
3957_01,0.8490624475792855
3965_01,0.03
3969_01,0.01
3972_01,0.8273566975388335
3975_01,0.32
3978_01,0.17148704218096936
3979_01,0.05
3982_01,0.24
3983_01,0.15
3989_01,0.6938871912606699
3989_02,0.7968574686011535
3989_03,0.76191227551291
3989_04,0.34
3990_01,0.7609072154224767
3993_01,0.23
4004_01,0.4
4007_01,0.12
4011_01,0.64
4012_01,0.81
4012_02,0.8784403841209758
4015_01,0.7848155759427098
4015_02,0.21
4024_01,0.83
4025_01,1.0
4028_01,0.4551282051282051
4029_01,0.8585222794730099
4041_01,0.8490624475792855
4048_01,0.7880748378792153
4048_02,0.7494256042938293
4048_03,0.7880748378792153
4051_01,0.7494256042938293
4052_01,0.92
4054_01,0.7543005476282515
4054_02,1.0
4054_03,0.06
4056_01,0.1
4057_01,0.31
4059_01,0.5330369609320846
4059_02,0.05
4062_01,0.09
4067_01,0.49
4070_01,0.8079386185970384
4070_02,0.7543005476282515
4070_03,0.5
4073_01,0.09
4073_02,0.7543005476282515
4074_01,0.31
4077_01,0.02
4085_01,0.72
4086_01,0.07
4086_02,0.8470052294133573
4086_03,0.73
4087_01,0.67
4088_01,0.56
4092_01,0.7848155759427098
4094_01,0.0
4094_02,0.05
4100_01,1.0
4105_01,0.31
4111_01,0.8261530851299625
4117_01,0.12
4118_01,0.41
4119_01,0.65
4121_01,0.05
4122_01,0.5
4123_01,0.37
4124_01,0.8261530851299625
4126_01,0.05
4133_01,0.8899052519990346
4133_02,0.7829982930869154
4136_01,0.7835872024572464
4136_02,0.22
4138_01,0.07
4139_01,0.1
4146_01,0.5786396072891944
4148_01,0.8009645020265918
4153_01,0.19
4155_01,0.7848155759427098
4157_01,0.17
4161_01,0.4945454545454545
4162_01,0.8582952172149672
4164_01,0.8490624475792855
4180_01,0.8914283568234914
4180_02,0.07
4187_01,0.04
4190_01,1.0
4192_01,0.46
4193_01,0.8079386185970384
4195_01,0.2
4198_01,0.7937344883124681
4200_01,0.15
4201_01,0.42
4202_01,0.8273566975388335
4202_02,0.08
4209_01,0.11
4217_01,0.5261565656565657
4224_01,0.0
4224_02,0.32
4226_01,0.8273566975388335
4226_02,0.11
4227_01,0.7986287821960061
4228_01,0.12
4234_01,0.09
4234_02,0.24
4235_01,0.06
4235_02,0.8585222794730099
4236_01,0.41
4236_02,0.5741296624783061
4241_01,0.64
4247_01,0.8643427353232657
4247_02,0.18
4248_01,0.1
4248_02,0.29
4250_01,0.7835872024572464
4263_01,0.7624999999999998
4263_02,0.8569346446757425
4263_03,0.8320198880271837
4265_01,0.8682265867263239
4268_01,0.8643427353232657
4268_02,0.8470052294133573
4269_01,0.76
4275_01,0.13
4276_01,0.0
4277_01,0.63
4279_01,0.37
4281_01,0.11142857142857142
4282_01,0.8490624475792855
4283_01,0.45
4284_01,0.999090909090909
4284_02,0.09
4285_01,0.4766666666666666
4286_01,0.5786396072891944
4286_02,0.2
4286_03,0.34580555555555553
4287_01,0.96
4288_01,0.7913158269123948
4288_02,0.07
4290_01,0.05
4298_01,0.08
4298_02,0.9042735676221757
4298_03,0.7968574686011535
4299_01,0.22
4304_01,0.03
4307_01,0.8488121927781686
4308_01,0.856560060399271
4310_01,0.09
4313_01,0.54
4314_01,0.6801118326118325
4321_01,0.8598290538194574
4322_01,0.8352592291906589
4323_01,0.8784403841209758
4323_02,0.12
4323_03,0.44
4323_04,0.8470052294133573
4325_01,0.75
4326_01,0.08
4328_01,0.8352592291906589
4331_01,0.7609072154224767
4341_01,0.92
4341_02,0.7084376715476062
4342_01,0.56
4353_01,0.21
4355_01,0.8079386185970384
4363_01,0.73
4374_01,0.13
4375_01,0.8470052294133573
4377_01,0.8490624475792855
4377_02,0.37
4377_03,0.7968574686011535
4378_01,0.07
4378_02,0.02
4379_01,0.7494256042938293
4380_01,0.03
4381_01,0.47
4381_02,0.19
4384_01,0.41
4385_01,0.36
4385_02,0.7835872024572464
4385_03,0.7880748378792153
4389_01,0.2
4394_01,0.13
4398_01,0.11
4406_01,0.1
4412_01,0.06
4414_01,0.887853371385577
4417_01,0.8261530851299625
4418_01,0.04
4419_01,0.21
4419_02,0.16
4420_01,0.11
4420_02,0.49
4421_01,0.6
4423_01,0.1
4425_01,0.797488029785999
4425_02,0.52
4434_01,0.01
4435_01,0.5631666666666666
4435_02,0.7
4439_01,0.9580857533105869
4439_02,0.48
4442_01,0.97
4443_01,0.7745000000000001
4443_02,0.3
4454_01,0.8390417522364109
4455_01,0.4378761061946903
4455_02,0.39
4455_03,0.7096748590265716
4458_01,0.8352592291906589
4460_01,0.8490624475792855
4468_01,0.8069286546237769
4471_01,0.24
4478_01,0.33
4480_01,0.5663333333333331
4481_01,0.07
4484_01,0.42
4488_01,0.09916666666666668
4489_01,0.05
4495_01,0.17
4499_01,0.7609072154224767
4503_01,0.22
4504_01,1.0
4507_01,0.16
4513_01,0.37
4519_01,0.5255479158908539
4520_01,0.17
4523_01,0.7968574686011535
4523_02,0.8598290538194574
4523_03,0.15
4523_04,0.5786396072891944
4523_05,0.7968574686011535
4523_06,0.5945260180314523
4525_01,0.06
4526_01,0.66
4527_01,0.14
4528_01,0.77
4536_01,0.0
4540_01,0.8784403841209758
4541_01,0.05
4545_01,0.12
4548_01,0.8079386185970384
4551_01,0.97
4551_02,0.9
4551_03,0.8784403841209758
4551_04,0.8631088214353962
4554_01,0.06
4556_01,0.49
4566_01,0.13
4578_01,0.07
4579_01,0.797488029785999
4582_01,0.84
4582_02,0.5901710209923484
4582_03,0.5901710209923484
4582_04,0.7968574686011535
4582_05,0.8352592291906589
4582_06,0.31
4582_07,0.6420791722218
4583_01,0.8024587586799864
4583_02,0.5405613693136165
4583_03,0.8
4584_01,0.25
4588_01,0.28
4589_01,0.34
4590_01,0.33
4598_01,0.03
4599_01,0.8273566975388335
4600_01,0.856560060399271
4600_02,0.8069286546237769
4601_01,0.06
4614_01,0.58
4614_02,0.13
4616_01,0.24
4618_01,0.36
4619_01,1.0
4626_01,0.8273566975388335
4626_02,0.03
4627_01,0.09
4629_01,0.12
4636_01,0.6938871912606699
4639_01,0.7880748378792153
4639_02,0.7880748378792153
4639_03,0.01
4639_04,0.12
4639_05,0.8993301098503231
4639_06,0.19935389610389603
4647_01,0.8598290538194574
4660_01,0.74
4666_01,0.24
4669_01,0.7986287821960061
4670_01,0.7
4671_01,0.6420791722218
4671_02,0.38437728937728954
4671_03,0.85
4671_04,0.7880748378792153
4674_01,0.06
4675_01,0.46
4675_02,0.24
4681_01,0.0
4682_01,0.97
4683_01,0.8242978343118587
4683_02,0.54
4685_01,0.7913158269123948
4687_01,0.14
4688_01,0.08
4692_01,0.3
4697_01,0.7835872024572464
4698_01,0.8352592291906589
4700_01,0.7835872024572464
4701_01,0.35586687000574735
4701_02,0.8079386185970384
4701_03,0.8242978343118587
4701_04,0.7835872024572464
4702_01,0.856560060399271
4702_02,0.06
4703_01,0.7822219950975784
4703_02,0.7986287821960061
4705_01,0.4870595238095238
4705_02,0.14
4707_01,0.12
4707_02,0.8646428571428573
4715_01,0.6302857142857142
4716_01,0.21
4718_01,0.7058744486914157
4722_01,0.07
4724_01,0.8273566975388335
4727_01,0.29
4727_02,0.35586687000574735
4729_01,0.16
4731_01,0.8079386185970384
4734_01,0.05
4735_01,0.1
4736_01,0.8993301098503231
4737_01,0.07
4740_01,0.8352592291906589
4742_01,0.07
4745_01,0.8352592291906589
4747_01,0.8069286546237769
4747_02,0.38
4749_01,0.08
4751_01,0.23
4760_01,0.41
4761_01,0.8488121927781686
4761_02,0.856560060399271
4761_03,0.45
4765_01,0.7710259993817794
4766_01,0.7822219950975784
4767_01,0.71
4768_01,0.59
4768_02,0.8273566975388335
4771_01,0.5
4776_01,0.76191227551291
4776_02,0.759781746031746
4776_03,0.7494256042938293
4776_04,0.7880748378792153
4779_01,0.12
4781_01,0.13
4789_01,0.8569346446757425
4799_01,0.14
4799_02,0.24
4799_03,0.06
4800_01,0.25
4802_01,0.7968574686011535
4802_02,0.3
4805_01,0.7822219950975784
4806_01,0.76
4809_01,0.03
4811_01,0.8470052294133573
4812_01,0.8993301098503231
4816_01,0.17
4820_01,0.96
4820_02,0.23
4821_01,0.63
4824_01,0.96
4825_01,0.7913158269123948
4826_01,1.0
4833_01,0.07
4833_02,0.05
4834_01,0.7913158269123948
4835_01,0.14
4839_01,0.33
4843_01,0.23
4843_02,0.08
4844_01,0.28
4849_01,0.8079386185970384
4852_01,0.8261530851299625
4854_01,0.797488029785999
4855_01,0.797488029785999
4855_02,0.7609072154224767
4858_01,0.09
4859_01,0.7494256042938293
4860_01,0.10142857142857142
4861_01,0.15
4865_01,0.12
4867_01,0.3
4869_01,0.11
4872_01,0.07
4877_01,0.2
4894_01,0.8352592291906589
4905_01,0.7968574686011535
4906_01,0.47
4907_01,0.856560060399271
4908_01,0.21
4914_01,0.45
4919_01,0.56
4921_01,0.0
4922_01,0.72
4926_01,0.04
4928_01,0.49
4931_01,0.73
4935_01,0.23
4935_02,0.8488121927781686
4935_03,0.28
4936_01,0.03
4947_01,0.03
4948_01,0.0
4949_01,0.9874505053708614
4949_02,0.0
4953_01,0.7058744486914157
4955_01,0.08
4957_01,0.7829982930869154
4959_01,0.7968574686011535
4960_01,0.03
4962_01,0.06
4966_01,0.99
4966_02,0.7822219950975784
4967_01,0.31
4968_01,0.7968574686011535
4969_01,0.26
4969_02,0.6880000000000002
4971_01,0.7913158269123948
4976_01,0.59
4982_01,0.7822219950975784
4984_01,0.27
4984_02,0.16
4985_01,0.7835872024572464
4986_01,0.1
4988_01,0.7058744486914157
4993_01,0.85
4994_01,0.0125
5001_01,0.35586687000574735
5002_01,0.8273566975388335
5011_01,0.856560060399271
5022_01,0.46
5024_01,0.7880748378792153
5024_02,0.7880748378792153
5024_03,0.7084376715476062
5024_04,0.33
5024_05,0.5405613693136165
5026_01,0.33
5029_01,0.7835872024572464
5029_02,0.8273566975388335
5030_01,0.4
5031_01,0.03
5031_02,0.37
5033_01,0.22
5033_02,0.0
5037_01,0.6771961955350702
5038_01,0.18
5038_02,0.9042735676221757
5041_01,0.31
5043_01,0.7848155759427098
5043_02,0.7096748590265716
5043_03,0.5330369609320846
5045_01,0.887853371385577
5046_01,0.8079386185970384
5047_01,0.8242978343118587
5049_01,0.06
5053_01,0.38
5054_01,0.05
5055_01,0.8242978343118587
5056_01,0.67
5056_02,0.74
5066_01,0.8
5071_01,0.67
5075_01,0.87
5077_01,0.11
5078_01,0.1
5079_01,0.8261530851299625
5081_01,0.58
5082_01,0.46
5086_01,0.7829982930869154
5086_02,0.25
5092_01,0.3296648299189861
5094_01,0.7494256042938293
5094_02,0.31
5096_01,0.02
5096_02,0.21
5098_01,0.01
5098_02,0.9042735676221757
5098_03,0.6938871912606699
5099_01,0.2
5100_01,0.8024587586799864
5101_01,0.93
5102_01,0.21
5107_01,0.09
5110_01,0.797488029785999
5113_01,0.0
5114_01,0.8631088214353962
5117_01,0.28
5118_01,0.93
5119_01,0.63
5121_01,0.01
5123_01,0.11
5131_01,0.48
5131_02,0.8443772047608148
5134_01,0.29
5135_01,0.04
5139_01,0.16
5141_01,0.8261530851299625
5143_01,0.4
5147_01,0.44
5149_01,0.07
5149_02,0.8390417522364109
5150_01,0.8470052294133573
5153_01,0.8261530851299625
5155_01,0.29
5159_01,0.93
5159_02,0.05
5164_01,0.8582952172149672
5164_02,0.8069286546237769
5168_01,0.07
5169_01,0.15
5172_01,0.31
5178_01,0.47
5183_01,0.94
5189_01,0.98
5191_01,0.03
5195_01,0.08
5200_01,0.11
5203_01,0.87
5203_02,0.8168468726426202
5212_01,0.3
5215_01,0.0
5219_01,0.887853371385577
5219_02,0.84
5222_01,0.8024587586799864
5228_01,0.28
5228_02,0.7710259993817794
5231_01,0.02
5232_01,0.04
5232_02,0.01
5233_01,0.43
5237_01,0.8320198880271837
5241_01,0.3583333333333333
5241_02,0.8352592291906589
5245_01,0.6
5259_01,0.23
5261_01,0.19
5263_01,0.27
5267_01,0.76191227551291
5267_02,0.7913158269123948
5267_03,0.79
5270_01,0.887853371385577
5283_01,0.28
5284_01,0.7749832883610308
5285_01,0.7543005476282515
5286_01,0.0
5289_01,0.68
5293_01,0.0
5293_02,0.1
5294_01,0.42
5295_01,0.13
5296_01,0.2
5302_01,0.5901710209923484
5306_01,0.13
5306_02,0.99
5308_01,0.7804957095620398
5308_02,0.8273566975388335
5308_03,0.16
5309_01,0.8914283568234914
5311_01,0.7848155759427098
5317_01,0.08
5317_02,0.7822219950975784
5318_01,0.7986287821960061
5318_02,0.95
5319_01,0.2
5321_01,0.35
5324_01,1.0
5328_01,0.8488121927781686
5329_01,0.01
5329_02,0.7710259993817794
5329_03,0.7804957095620398
5329_04,0.5786396072891944
5329_05,0.2
5329_06,0.5901710209923484
5329_07,0.76191227551291
5332_01,0.83
5335_01,0.8069286546237769
5335_02,0.8242978343118587
5335_03,0.32
5335_04,0.96
5336_01,0.51
5338_01,0.46
5339_01,0.42
5339_02,1.0
5339_03,0.8993301098503231
5342_01,0.08
5349_01,0.797488029785999
5352_01,0.8643427353232657
5357_01,0.887853371385577
5357_02,0.856560060399271
5357_03,0.04
5357_04,0.05
5358_01,0.51
5364_01,0.8582952172149672
5369_01,0.36
5369_02,0.07
5369_03,0.856560060399271
5370_01,0.73
5371_01,0.5894412273313202
5371_02,0.24
5371_03,0.8168468726426202
5371_04,0.7084376715476062
5373_01,0.13
5376_01,0.8569346446757425
5376_02,0.8242978343118587
5377_01,0.7096748590265716
5381_01,0.03
5382_01,0.8598290538194574
5382_02,0.8888714195816567
5386_01,0.7913158269123948
5391_01,0.04
5393_01,0.08
5398_01,0.7822219950975784
5399_01,0.1
5400_01,0.887853371385577
5403_01,0.05
5405_01,0.01
5407_01,0.616357142857143
5409_01,0.04333333333333333
5417_01,0.1
5419_01,0.02
5426_01,0.7
5428_01,0.2
5428_02,0.8352592291906589
5429_01,0.07
5432_01,0.99
5433_01,0.8
5439_01,0.17
5442_01,0.15
5444_01,0.23
5448_01,0.08
5449_01,0.32
5456_01,0.33
5460_01,0.23
5461_01,0.07
5464_01,0.25
5473_01,0.76191227551291
5473_02,0.384
5481_01,0.9863178866187927
5482_01,0.13
5482_02,0.2
5486_01,0.93
5493_01,0.8490624475792855
5495_01,0.8470052294133573
5498_01,0.8490624475792855
5498_02,0.8582952172149672
5502_01,0.97
5503_01,0.03
5505_01,0.24
5505_02,0.39
5505_03,0.7880748378792153
5513_01,0.7913158269123948
5513_02,0.7968574686011535
5513_03,0.064
5513_04,0.7880748378792153
5516_01,0.02
5518_01,0.25
5519_01,0.22
5525_01,0.62
5532_01,0.36
5533_01,0.18
5534_01,0.26
5542_01,0.04
5547_01,0.7913158269123948
5548_01,0.67
5549_01,0.797488029785999
5553_01,0.8631088214353962
5553_02,0.44
5554_01,0.7609072154224767
5558_01,0.14
5562_01,0.7913158269123948
5562_02,0.8582952172149672
5564_01,0.35
5565_01,0.26
5567_01,0.22
5570_01,0.8993301098503231
5576_01,0.09
5577_01,0.7303246513342921
5577_02,0.5945260180314523
5577_03,0.7968574686011535
5577_04,0.7968574686011535
5577_05,0.7850151856474484
5579_01,0.7968574686011535
5584_01,0.8582952172149672
5584_02,0.0
5588_01,0.31
5588_02,0.7543005476282515
5588_03,0.8352592291906589
5588_04,0.46
5588_05,0.7848155759427098
5590_01,0.8784403841209758
5593_01,0.14
5597_01,0.76
5600_01,0.7913158269123948
5604_01,0.09
5605_01,0.02
5607_01,0.8993301098503231
5612_01,0.8784403841209758
5617_01,0.08
5620_01,0.52
5620_02,0.05
5621_01,0.09
5624_01,0.7986287821960061
5630_01,0.92798778998779
5632_01,0.8631088214353962
5633_01,0.21
5634_01,0.66
5635_01,0.26
5636_01,0.08
5638_01,0.8261530851299625
5641_01,0.7913158269123948
5649_01,0.7968574686011535
5654_01,0.19
5656_01,0.2975
5657_01,0.05
5658_01,0.02
5660_01,0.3
5664_01,0.7804957095620398
5664_02,0.7880748378792153
5664_03,0.7007716576801708
5664_04,0.35
5665_01,0.05
5666_01,0.15
5668_01,0.8168468726426202
5669_01,0.8261530851299625
5670_01,0.7848155759427098
5672_01,0.8643427353232657
5675_01,0.45625
5676_01,0.48680034263122485
5678_01,0.7913158269123948
5678_02,0.8024587586799864
5682_01,0.97
5683_01,0.04
5690_01,0.33
5691_01,0.7937344883124681
5694_01,0.7835872024572464
5697_01,0.73
5699_01,0.5
5703_01,0.44
5708_01,0.8273566975388335
5715_01,0.53
5715_02,0.93
5720_01,0.52
5720_02,0.18
5731_01,0.08
5731_02,0.6
5734_01,0.8079386185970384
5734_02,0.47
5741_01,0.01
5743_01,0.03
5745_01,0.8569346446757425
5749_01,0.09
5752_01,0.09
5753_01,0.15
5754_01,0.03
5759_01,0.8682265867263239
5760_01,0.18
5762_01,0.11
5766_01,0.7835872024572464
5770_01,1.0
5774_01,0.34
5775_01,0.8490624475792855
5782_01,0.17787610619469027
5782_02,0.03
5782_03,0.59
5782_04,0.8024587586799864
5784_01,0.79
5787_01,0.38
5787_02,0.8320198880271837
5787_03,0.64
5789_01,0.7880748378792153
5789_02,0.8598290538194574
5797_01,0.797488029785999
5798_01,0.6
5801_01,0.36833333333333335
5803_01,0.8079386185970384
5805_01,0.22
5807_01,0.04
5815_01,0.02
5815_02,0.01
5815_03,0.18
5815_04,0.03
5830_01,0.61
5832_01,0.32
5833_01,0.5
5838_01,0.66
5841_01,0.7880748378792153
5841_02,0.8069184938059675
5841_03,0.7913158269123948
5845_01,0.8631088214353962
5850_01,0.8024587586799864
5851_01,0.08
5851_02,0.7880748378792153
5853_01,0.41
5862_01,0.36
5864_01,0.35
5865_01,0.29
5866_01,0.22
5870_01,0.8261530851299625
5872_01,0.51
5873_01,0.21
5873_02,0.7986287821960061
5873_03,0.15
5881_01,0.8899052519990346
5883_01,0.8993301098503231
5884_01,0.12
5892_01,0.03
5893_01,0.15
5893_02,0.731579559329559
5895_01,0.01
5896_01,0.61
5899_01,0.08
5904_01,0.8585222794730099
5904_02,0.12
5910_01,0.17
5911_01,0.7880748378792153
5911_02,0.11
5911_03,0.01
5911_04,0.5945260180314523
5911_05,0.76191227551291
5911_06,0.7303246513342921
5914_01,0.7494256042938293
5917_01,0.7494256042938293
5918_01,0.7937344883124681
5926_01,0.7835872024572464
5929_01,0.47
5932_01,0.55
5935_01,0.43
5936_01,0.7822219950975784
5936_02,0.8024587586799864
5936_03,0.04
5936_04,0.98
5936_05,0.06
5937_01,0.8320198880271837
5940_01,0.26
5942_01,0.8352592291906589
5942_02,0.7835872024572464
5943_01,0.07
5948_01,0.22
5958_01,0.17
5961_01,0.7848155759427098
5961_02,0.797488029785999
5962_01,0.63
5964_01,0.8273566975388335
5964_02,0.8408882937171547
5966_01,0.7880748378792153
5966_02,0.856560060399271
5978_01,0.15
5978_02,0.35586687000574735
5979_01,0.8784403841209758
5982_01,0.02
5996_01,0.7543005476282515
5997_01,0.64
5997_02,0.7937344883124681
6002_01,0.9614523809523808
6005_01,0.7880748378792153
6005_02,0.731579559329559
6005_03,0.7017835800611123
6005_04,0.13
6005_05,0.5405613693136165
6009_01,0.23
6009_02,0.14
6012_01,0.31
6013_01,0.8273566975388335
6018_01,0.07
6021_01,0.8079386185970384
6023_01,0.14
6037_01,0.8631088214353962
6044_01,0.24
6044_02,0.5945260180314523
6046_01,0.41166666666666674
6050_01,0.8079386185970384
6051_01,0.08
6051_02,0.14
6053_01,0.18
6056_01,0.0
6057_01,0.59
6060_01,0.4
6063_01,0.8643427353232657
6072_01,0.2
6074_01,0.71
6074_02,0.9580857533105869
6074_03,0.5816342167873687
6078_01,0.56
6079_01,0.7913158269123948
6081_01,0.7968574686011535
6081_02,0.14
6081_03,0.7822219950975784
6081_04,0.7880748378792153
6083_01,0.11
6084_01,0.65
6088_01,0.69
6089_01,0.8273566975388335
6093_01,0.8069184938059675
6097_01,0.29
6100_01,0.32
6104_01,0.8488121927781686
6113_01,0.01
6114_01,0.09
6119_01,0.8488121927781686
6119_02,0.59
6119_03,0.856560060399271
6125_01,0.15
6129_01,0.11
6131_01,0.02
6134_01,0.55
6140_01,0.8184556277056276
6142_01,0.24
6142_02,0.8585222794730099
6144_01,0.7494256042938293
6147_01,0.03
6151_01,0.02
6151_02,0.8079386185970384
6154_01,0.887853371385577
6159_01,0.28
6160_01,0.3392857142857143
6160_02,0.7609072154224767
6161_01,0.7058744486914157
6164_01,1.0
6165_01,0.89
6177_01,0.06
6183_01,0.1
6185_01,0.07
6187_01,0.7543005476282515
6188_01,0.7835872024572464
6190_01,0.69
6193_01,0.7494256042938293
6193_02,0.5786396072891944
6193_03,0.18
6193_04,0.65
6195_01,0.13
6196_01,1.0
6197_01,0.7822219950975784
6198_01,0.41
6202_01,0.6692877145997417
6203_01,0.09
6204_01,0.95
6209_01,0.0
6209_02,0.8024587586799864
6210_01,0.887853371385577
6212_01,0.8993301098503231
6214_01,0.7
6217_01,0.8261530851299625
6217_02,0.12
6221_01,0.8242978343118587
6226_01,0.0
6231_01,0.7968574686011535
6231_02,0.797488029785999
6231_03,0.35
6233_01,0.4
6233_02,0.12
6233_03,0.8569346446757425
6235_01,0.7848155759427098
6240_01,0.7058744486914157
6242_01,0.8682265867263239
6244_01,0.27
6244_02,0.8582952172149672
6247_01,0.03
6255_01,0.8914283568234914
6257_01,0.7609072154224767
6257_02,0.12
6257_03,0.7968574686011535
6258_01,0.5
6259_01,0.32
6260_01,0.18
6260_02,0.04
6261_01,0.8914283568234914
6261_02,0.8352592291906589
6267_01,0.01
6267_02,0.54
6267_03,0.8598290538194574
6267_04,0.8242978343118587
6267_05,0.7609072154224767
6267_06,0.7835872024572464
6269_01,0.33
6269_02,0.11
6269_03,0.7848155759427098
6272_01,0.35
6272_02,0.7986287821960061
6275_01,0.46
6278_01,0.8079386185970384
6278_02,0.7609072154224767
6284_01,0.8993301098503231
6286_01,0.26
6286_02,0.35586687000574735
6287_01,0.01
6287_02,0.02
6288_01,0.9785539509617471
6288_02,0.22
6288_03,0.8784403841209758
6288_04,1.0
6291_01,0.17
6294_01,0.8079386185970384
6295_01,0.8320198880271837
6295_02,0.46
6298_01,0.8585222794730099
6303_01,0.25
6306_01,0.8631088214353962
6307_01,0.2578296703296703
6310_01,0.19
6311_01,0.5045454545454545
6312_01,0.82
6312_02,0.08
6314_01,0.11
6329_01,0.07
6332_01,0.8585222794730099
6332_02,0.8
6332_03,0.797488029785999
6332_04,0.11
6332_05,0.29
6332_06,0.7494256042938293
6332_07,0.23
6332_08,0.43
6333_01,0.0
6336_01,0.14
6337_01,0.8899052519990346
6342_01,0.35
6342_02,0.11
6345_01,0.8993301098503231
6345_02,0.8993301098503231
6350_01,0.6359422799422799
6352_01,0.9614523809523808
6352_02,1.0
6358_01,0.8171428571428571
6358_02,0.5786396072891944
6359_01,0.34
6362_01,0.5216666666666666
6364_01,0.7543005476282515
6375_01,0.3
6377_01,0.8273566975388335
6379_01,0.27
6382_01,0.24
6383_01,0.7968574686011535
6383_02,0.7804957095620398
6383_03,0.48
6384_01,0.53
6386_01,0.62
6387_01,0.25
6389_01,0.17
6391_01,0.797488029785999
6391_02,0.9471149324143032
6392_01,0.7494256042938293
6393_01,0.8352592291906589
6395_01,0.55
6401_01,1.0
6401_02,0.06
6403_01,0.1
6410_01,0.19
6410_02,0.1
6417_01,0.8993301098503231
6420_01,0.45
6423_01,0.01
6425_01,0.07
6425_02,0.8079386185970384
6426_01,0.22
6427_01,0.8261530851299625
6429_01,0.48
6435_01,0.1
6438_01,0.01
6440_01,0.8261530851299625
6441_01,0.29
6445_01,0.21
6460_01,0.63
6465_01,0.8184556277056276
6466_01,0.13
6467_01,0.31
6469_01,0.8490624475792855
6474_01,0.22
6476_01,0.13
6479_01,0.856560060399271
6479_02,0.74
6483_01,0.887853371385577
6484_01,0.43
6486_01,0.7913158269123948
6491_01,0.45
6491_02,0.13
6491_03,0.7968574686011535
6495_01,0.18
6496_01,0.8242978343118587
6496_02,0.53
6497_01,0.63
6498_01,0.5816342167873687
6499_01,0.35586687000574735
6499_02,0.1
6499_03,0.7007716576801708
6499_04,0.7804957095620398
6499_05,0.12
6499_06,0.8320198880271837
6499_07,0.7986287821960061
6499_08,0.5316814481882963
6504_01,0.8488121927781686
6504_02,0.75
6505_01,0.01
6506_01,0.2
6506_02,0.39
6507_01,0.8024587586799864
6515_01,0.79
6516_01,0.8598290538194574
6516_02,0.8079386185970384
6518_01,1.0
6519_01,0.19
6521_01,0.27
6524_01,0.1
6527_01,0.856560060399271
6528_01,0.8470052294133573
6532_01,0.29
6533_01,0.8168468726426202
6533_02,0.16
6534_01,0.1
6536_01,0.28
6537_01,0.09
6538_01,0.17
6542_01,0.06
6543_01,0.98
6550_01,0.01
6551_01,0.71
6554_01,0.7937344883124681
6555_01,0.55
6559_01,0.7880748378792153
6559_02,0.5786396072891944
6559_03,0.52
6564_01,0.7
6564_02,0.8490624475792855
6566_01,0.06
6571_01,0.08
6575_01,0.8273566975388335
6576_01,0.8261530851299625
6577_01,0.37
6577_02,0.15
6577_03,0.8079386185970384
6579_01,0.797488029785999
6581_01,0.654547619047619
6584_01,1.0
6586_01,0.1
6587_01,0.8682265867263239
6589_01,0.7986287821960061
6596_01,0.74
6596_02,0.04
6597_01,0.09
6600_01,1.0
6600_02,0.1
6605_01,0.8643427353232657
6605_02,0.5901710209923484
6607_01,0.82
6610_01,0.7835872024572464
6612_01,0.7880748378792153
6612_02,0.17
6612_03,0.13
6612_04,0.5945260180314523
6612_05,0.7007716576801708
6612_06,0.5316814481882963
6615_01,0.7822219950975784
6617_01,0.7848155759427098
6617_02,0.8585222794730099
6617_03,0.8643427353232657
6619_01,0.04
6627_01,1.0
6629_01,1.0
6632_01,0.23
6636_01,0.8643427353232657
6640_01,0.8069286546237769
6644_01,0.07
6648_01,0.8273566975388335
6651_01,0.34
6653_01,0.82
6657_01,0.8582952172149672
6658_01,0.7880748378792153
6658_02,0.8575255300255299
6658_03,0.05
6661_01,0.63
6666_01,0.33
6677_01,0.7968574686011535
6678_01,0.13
6678_02,0.8569346446757425
6679_01,0.04
6682_01,0.8273566975388335
6682_02,0.39
6685_01,0.04
6686_01,0.42
6687_01,0.03
6688_01,0.8784403841209758
6689_01,0.39
6689_02,0.65
6690_01,0.8569346446757425
6695_01,0.42
6696_01,0.68
6700_01,0.8598290538194574
6700_02,0.04
6701_01,0.8582952172149672
6703_01,0.01
6704_01,0.8913611111111112
6705_01,0.29
6710_01,0.7609072154224767
6712_01,0.06
6714_01,0.19
6715_01,0.19
6716_01,0.13
6717_01,0.8598290538194574
6723_01,0.32
6728_01,0.8598290538194574
6732_01,0.68
6733_01,0.25
6735_01,0.07
6737_01,0.11
6738_01,0.38
6738_02,0.8585222794730099
6740_01,0.17
6743_01,0.7494256042938293
6752_01,0.28
6752_02,0.1
6752_03,0.155
6755_01,0.13
6759_01,0.8784403841209758
6767_01,0.04
6767_02,0.48
6768_01,0.17
6769_01,0.8320198880271837
6770_01,0.8490624475792855
6770_02,0.8598290538194574
6770_03,0.8643427353232657
6771_01,0.08
6772_01,0.8273566975388335
6772_02,0.45
6777_01,0.8242978343118587
6781_01,0.9471149324143032
6783_01,0.8069286546237769
6785_01,0.8168468726426202
6790_01,0.16
6791_01,0.61
6793_01,0.94
6793_02,0.856560060399271
6795_01,0.18
6797_01,0.19
6803_01,0.36
6804_01,0.31
6807_01,0.79
6807_02,0.8273566975388335
6809_01,0.22
6811_01,0.8682265867263239
6812_01,0.02
6812_02,0.03
6815_01,0.16
6819_01,0.42
6819_02,0.8320198880271837
6819_03,0.8069184938059675
6823_01,0.7913158269123948
6828_01,0.8585222794730099
6830_01,0.7494256042938293
6835_01,0.8470052294133573
6835_02,0.269
6836_01,0.25
6838_01,0.8069184938059675
6838_02,0.0
6838_03,0.35
6842_01,0.22
6845_01,0.8225902185190107
6846_01,0.06
6847_01,0.15
6849_01,0.0
6852_01,0.61
6852_02,0.01
6855_01,0.19
6856_01,0.0
6860_01,0.31
6867_01,0.41
6870_01,0.06
6872_01,0.8582952172149672
6874_01,0.797488029785999
6875_01,0.74
6875_02,0.19
6875_03,0.77
6876_01,0.66
6876_02,0.7880748378792153
6876_03,0.6938871912606699
6877_01,0.22
6878_01,0.8490624475792855
6881_01,0.3
6884_01,0.8261530851299625
6886_01,0.8352592291906589
6888_01,0.37
6888_02,0.8585222794730099
6888_03,0.48680034263122485
6888_04,0.05
6890_01,0.09
6897_01,0.04
6904_01,0.8261530851299625
6904_02,0.8582952172149672
6904_03,0.5
6909_01,0.7848155759427098
6914_01,0.7543005476282515
6916_01,0.7829982930869154
6919_01,0.7986287821960061
6922_01,0.8585222794730099
6923_01,0.8242978343118587
6927_01,0.05
6933_01,0.8585222794730099
6933_02,0.8575255300255299
6935_01,0.12
6936_01,0.06
6936_02,0.02
6936_03,0.8320198880271837
6938_01,0.8784403841209758
6941_01,0.8261530851299625
6942_01,0.8682265867263239
6948_01,0.8490624475792855
6952_01,0.887853371385577
6953_01,0.59
6955_01,0.25
6956_01,0.44
6958_01,0.3
6959_01,0.1
6959_02,0.8069184938059675
6959_03,0.7968574686011535
6961_01,0.31
6961_02,0.06
6965_01,0.8024587586799864
6969_01,0.01
6974_01,0.17
6975_01,0.03
6983_01,0.7096748590265716
6983_02,0.08
6986_01,0.5405613693136165
6986_02,0.08
6986_03,0.7968574686011535
6986_04,0.5786396072891944
6986_05,0.8582952172149672
6986_06,0.48
6986_07,0.64
6986_08,0.5316814481882963
6989_01,0.9471149324143032
6993_01,0.05
7000_01,0.8585222794730099
7003_01,0.2
7009_01,0.12
7009_02,0.03
7012_01,0.8273566975388335
7023_01,0.2
7024_01,0.797488029785999
7030_01,0.08
7033_01,0.37083760683760686
7035_01,0.7835872024572464
7043_01,0.8024587586799864
7046_01,0.01
7046_02,0.08
7046_03,0.16
7054_01,0.97
7054_02,0.8582952172149672
7055_01,0.7749832883610308
7063_01,0.39
7063_02,0.01
7064_01,0.2111111111111111
7065_01,0.8784403841209758
7066_01,0.2
7066_02,0.7058744486914157
7067_01,0.76191227551291
7067_02,0.5405613693136165
7067_03,0.03
7070_01,0.68
7075_01,0.09
7076_01,0.8490624475792855
7081_01,1.0
7081_02,0.7835872024572464
7100_01,1.0
7100_02,0.04
7101_01,0.11
7101_02,0.14
7102_01,0.8643427353232657
7103_01,0.06
7103_02,0.5894412273313202
7107_01,0.7968574686011535
7108_01,0.03
7112_01,0.88
7115_01,0.8488121927781686
7122_01,0.86
7123_01,0.29
7124_01,0.8569346446757425
7124_02,0.7913158269123948
7124_03,0.38
7125_01,0.8682265867263239
7129_01,0.53
7130_01,0.7968574686011535
7130_02,0.7968574686011535
7130_03,0.2633333333333333
7130_04,0.02
7130_05,0.6771961955350702
7130_06,0.7017835800611123
7130_07,0.11
7131_01,0.71
7135_01,0.9785539509617471
7135_02,0.31
7135_03,0.56
7135_04,0.7609072154224767
7136_01,0.5590296146846826
7138_01,0.01
7139_01,0.28
7141_01,0.44
7145_01,0.2
7146_01,0.05
7147_01,0.8784403841209758
7150_01,0.34
7150_02,0.8079386185970384
7153_01,0.02
7154_01,0.18
7158_01,0.03
7163_01,0.7543005476282515
7163_02,0.8643427353232657
7163_03,0.01
7164_01,0.27
7169_01,0.8585222794730099
7172_01,0.03
7172_02,0.08
7174_01,0.09
7178_01,0.8488121927781686
7183_01,0.7494256042938293
7185_01,0.8470052294133573
7195_01,0.9471149324143032
7196_01,0.8888714195816567
7198_01,0.7835872024572464
7201_01,0.33
7204_01,0.04
7209_01,0.92798778998779
7209_02,0.72
7211_01,0.06
7212_01,0.55
7213_01,0.7609072154224767
7220_01,0.14
7222_01,0.54
7223_01,0.7494256042938293
7228_01,0.7913158269123948
7231_01,0.14
7237_01,0.7880748378792153
7239_01,0.7494256042938293
7241_01,0.8352592291906589
7241_02,0.01
7243_01,0.6938871912606699
7243_02,0.7303246513342921
7243_03,0.6938871912606699
7243_04,0.26
7243_05,0.5405613693136165
7244_01,0.8490624475792855
7245_01,1.0
7248_01,0.1
7248_02,0.797488029785999
7251_01,0.797488029785999
7254_01,0.06
7262_01,0.18
7263_01,0.16
7264_01,0.16
7265_01,0.5066666666666666
7266_01,0.28
7266_02,0.7937344883124681
7266_03,0.7880748378792153
7269_01,0.29
7269_02,0.8470052294133573
7272_01,0.8261530851299625
7275_01,0.88
7281_01,0.36
7282_01,0.8168468726426202
7286_01,0.06
7287_01,0.8490624475792855
7288_01,0.41
7291_01,0.7848155759427098
7293_01,0.57
7294_01,0.15
7295_01,0.24
7295_02,0.34
7299_01,0.83
7308_01,0.7937344883124681
7312_01,0.29
7315_01,0.7494256042938293
7316_01,0.61
7317_01,0.054000000000000006
7318_01,0.13
7319_01,0.53
7319_02,0.69
7319_03,0.6266666666666667
7325_01,0.13
7329_01,0.47
7329_02,0.57
7329_03,0.95
7333_01,0.36
7335_01,0.8242978343118587
7345_01,0.2
7348_01,0.15
7348_02,0.7968574686011535
7348_03,0.7007716576801708
7349_01,0.26
7352_01,0.35
7354_01,0.6938871912606699
7354_02,0.7880748378792153
7354_03,0.7913158269123948
7354_04,0.04
7354_05,0.8273566975388335
7354_06,0.48
7355_01,0.07
7357_01,0.7609072154224767
7362_01,0.04
7363_01,0.799944444444444
7364_01,0.96
7368_01,0.7848155759427098
7369_01,0.08
7373_01,0.7609072154224767
7373_02,0.7543005476282515
7375_01,0.68
7378_01,0.3
7380_01,0.6801118326118325
7380_02,0.8352592291906589
7380_03,0.17
7380_04,0.5816342167873687
7381_01,0.8569346446757425
7382_01,0.8598290538194574
7383_01,0.7822219950975784
7383_02,0.22
7384_01,0.09
7386_01,0.8598290538194574
7389_01,0.7822219950975784
7397_01,0.97
7400_01,0.25
7404_01,0.8273566975388335
7407_01,0.8
7409_01,0.08
7409_02,0.49
7412_01,0.8993301098503231
7413_01,0.8352592291906589
7413_02,0.5316814481882963
7414_01,0.03
7415_01,0.22
7417_01,0.25
7417_02,0.25
7420_01,0.15
7421_01,0.8352592291906589
7421_02,0.7045454545454546
7423_01,0.15
7423_02,0.8490624475792855
7424_01,0.08
7426_01,0.7835872024572464
7426_02,0.797488029785999
7426_03,0.8784403841209758
7433_01,0.7986287821960061
7434_01,0.01
7439_01,0.05
7439_02,0.7609072154224767
7440_01,0.24
7441_01,0.7609072154224767
7443_01,0.7609072154224767
7451_01,0.45
7454_01,0.21
7463_01,0.15
7465_01,0.38
7466_01,0.32
7467_01,0.19
7468_01,0.17
7469_01,0.09
7470_01,0.8069184938059675
7471_01,0.6938871912606699
7471_02,0.52
7473_01,0.06
7473_02,0.31
7474_01,0.8009645020265918
7476_01,0.68
7480_01,0.08
7482_01,0.7609072154224767
7482_02,0.13
7489_01,0.7007716576801708
7489_02,0.06
7489_03,0.5330369609320846
7491_01,0.8320198880271837
7493_01,0.5316666666666667
7497_01,0.797488029785999
7511_01,0.63
7516_01,0.65
7519_01,0.13
7526_01,0.8490624475792855
7528_01,0.7829982930869154
7528_02,0.8643427353232657
7528_03,0.06
7528_04,0.797488029785999
7530_01,0.8242978343118587
7530_02,0.08
7530_03,0.07
7530_04,0.02
7532_01,0.8261530851299625
7537_01,0.887853371385577
7539_01,0.8914283568234914
7539_02,0.93
7540_01,0.2
7541_01,0.8168468726426202
7541_02,0.9042735676221757
7541_03,0.8888714195816567
7546_01,0.9382508371319925
7547_01,0.54
7548_01,0.28
7551_01,0.62
7554_01,0.7968574686011535
7555_01,0.13
7556_01,0.8899052519990346
7556_02,0.8242978343118587
7556_03,0.11
7556_04,0.7543005476282515
7557_01,0.06
7557_02,0.5894412273313202
7557_03,0.7543005476282515
7558_01,0.12
7558_02,0.8643427353232657
7562_01,0.25
7564_01,0.12
7566_01,0.48
7570_01,0.2681190476190476
7570_02,0.21
7571_01,0.29
7575_01,0.15
7581_01,0.24
7582_01,0.8069184938059675
7582_02,0.5945260180314523
7582_03,0.7880748378792153
7582_04,0.16
7582_05,0.7710259993817794
7587_01,0.67
7589_01,0.7913158269123948
7590_01,0.79
7591_01,0.64
7591_02,0.78
7593_01,0.8470052294133573
7597_01,0.9042735676221757
7597_02,0.6938871912606699
7597_03,0.19
7597_04,0.887853371385577
7597_05,0.07
7597_06,0.7017835800611123
7597_07,0.16
7600_01,0.7835872024572464
7600_02,0.26
7602_01,0.887853371385577
7603_01,0.64
7607_01,0.24
7610_01,0.7007716576801708
7610_02,0.41
7611_01,0.12
7611_02,0.39
7612_01,0.04
7612_02,0.8598290538194574
7613_01,0.8784403841209758
7615_01,0.23
7617_01,0.3368333333333333
7619_01,0.5894412273313202
7629_01,0.7
7629_02,0.49
7629_03,0.7880748378792153
7636_01,0.37
7637_01,0.7017835800611123
7637_02,0.12
7637_03,0.7007716576801708
7638_01,0.7913158269123948
7642_01,0.8168468726426202
7645_01,0.8585222794730099
7648_01,0.67
7651_01,0.8784403841209758
7653_01,0.06
7654_01,0.8598290538194574
7655_01,0.77
7657_01,0.25
7658_01,0.93
7659_01,0.1
7662_01,0.887853371385577
7663_01,0.8569346446757425
7664_01,0.02
7668_01,0.688
7672_01,0.0
7673_01,0.31
7674_01,0.2
7675_01,0.19
7681_01,0.8585222794730099
7685_01,0.8598290538194574
7686_01,0.7609072154224767
7695_01,0.31
7701_01,0.23
7704_01,0.98
7706_01,0.82
7718_01,0.7913158269123948
7722_01,0.44
7725_01,0.8598290538194574
7726_01,0.8643427353232657
7730_01,0.15
7732_01,0.23
7733_01,0.06
7734_01,0.73
7735_01,0.07
7737_01,0.8261530851299625
7740_01,0.6
7740_02,0.5816342167873687
7745_01,0.44
7750_01,0.22
7756_01,0.98
7758_01,0.11
7759_01,0.68
7762_01,0.01
7765_01,0.7710259993817794
7765_02,0.7609072154224767
7765_03,0.7822219950975784
7766_01,0.34
7772_01,0.8273566975388335
7779_01,0.95
7781_01,0.47
7792_01,0.8168468726426202
7792_02,0.8784403841209758
7792_03,0.8993301098503231
7792_04,0.16
7792_05,0.887853371385577
7794_01,0.04
7795_01,0.28
7795_02,0.55
7796_01,0.33
7798_01,0.3613075934845189
7798_02,0.92
7799_01,0.48
7804_01,0.12
7807_01,0.7609072154224767
7811_01,0.7543005476282515
7814_01,0.63
7817_01,0.21
7819_01,0.7913158269123948
7822_01,0.34
7823_01,0.8168468726426202
7825_01,0.0
7825_02,1.0
7825_03,0.05
7826_01,0.8168468726426202
7827_01,0.7829982930869154
7836_01,0.16
7838_01,0.8582952172149672
7844_01,0.4
7846_01,0.09
7846_02,0.7822219950975784
7854_01,0.8184556277056276
7855_01,0.12
7857_01,0.7835872024572464
7860_01,0.02
7862_01,0.8352592291906589
7867_01,0.45
7869_01,0.03
7874_01,0.34
7874_02,0.52
7876_01,0.38427895715395716
7880_01,0.8168468726426202
7880_02,0.0
7887_01,0.7822219950975784
7893_01,0.797488029785999
7893_02,0.8443772047608148
7893_03,0.7543005476282515
7893_04,0.7848155759427098
7893_05,0.9785539509617471
7896_01,0.47
7898_01,0.48
7900_01,0.16
7906_01,0.07
7909_01,0.3
7909_02,0.08
7911_01,0.7913158269123948
7912_01,0.31
7915_01,0.8261530851299625
7915_02,0.31
7915_03,0.8079386185970384
7917_01,0.8352592291906589
7921_01,0.54
7921_02,0.13
7923_01,0.52
7925_01,0.71
7927_01,0.8443772047608148
7927_02,0.6080350911092746
7927_03,0.7880748378792153
7928_01,0.442
7931_01,0.18
7932_01,0.4
7933_01,1.0
7934_01,0.76191227551291
7934_02,0.7609072154224767
7934_03,0.7880748378792153
7938_01,0.24
7942_01,0.02
7942_02,0.7007716576801708
7948_01,0.05
7951_01,0.8320198880271837
7953_01,0.16
7956_01,0.35
7959_01,0.53
7961_01,0.05
7963_01,0.73
7963_02,0.2
7963_03,0.7913158269123948
7964_01,0.8585222794730099
7965_01,0.7609072154224767
7966_01,0.02
7969_01,0.8569346446757425
7971_01,0.7986287821960061
7971_02,0.06
7975_01,0.7968574686011535
7977_01,0.005
7978_01,0.7880748378792153
7978_02,0.07
7979_01,0.22
7980_01,0.03
7991_01,0.0
7991_02,0.43
7991_03,0.8649765479802609
7991_04,0.7913158269123948
7992_01,0.99
7997_01,0.7913158269123948
7998_01,0.97
7998_02,0.8470052294133573
7998_03,0.9580857533105869
7998_04,0.797488029785999
8001_01,0.5
8002_01,0.16
8008_01,0.17
8009_01,0.7058744486914157
8011_01,0.7937344883124681
8013_01,0.9471428571428571
8017_01,0.12
8022_01,0.64
8028_01,0.07
8033_01,0.06
8039_01,1.0
8039_02,0.7913158269123948
8040_01,0.7822219950975784
8041_01,0.16
8041_02,0.8682265867263239
8044_01,0.7848155759427098
8045_01,0.25
8047_01,0.9785539509617471
8048_01,0.72
8051_01,0.8682265867263239
8051_02,0.8488121927781686
8061_01,0.35586687000574735
8061_02,0.74
8062_01,0.38
8065_01,0.06
8070_01,0.09
8073_01,0.7822219950975784
8074_01,0.9217839132914369
8080_01,1.0
8090_01,0.8643427353232657
8093_01,0.09
8095_01,0.28
8096_01,0.887853371385577
8099_01,0.797488029785999
8100_01,0.65
8101_01,0.7835872024572464
8104_01,0.63
8109_01,0.38
8110_01,0.12
8111_01,0.8069286546237769
8113_01,0.8069184938059675
8113_02,0.7084376715476062
8113_03,0.7007716576801708
8113_04,0.11
8114_01,0.79
8125_01,0.7986287821960061
8125_02,0.88
8126_01,0.16
8127_01,0.46
8132_01,0.15
8134_01,0.56
8142_01,1.0
8145_01,0.59
8146_01,0.8993301098503231
8151_01,0.295
8154_01,0.78
8155_01,0.99
8160_01,0.33
8163_01,0.7609072154224767
8166_01,0.59
8169_01,0.27
8170_01,0.7543005476282515
8172_01,0.7822219950975784
8174_01,0.14
8179_01,0.8914283568234914
8180_01,0.2
8181_01,0.29
8181_02,0.11
8181_03,0.8261530851299625
8183_01,0.24
8184_01,0.1
8185_01,0.05
8187_01,0.38
8188_01,0.32
8193_01,0.7913158269123948
8195_01,0.8914283568234914
8196_01,0.12
8196_02,0.7986287821960061
8198_01,0.8582952172149672
8201_01,0.8273566975388335
8206_01,0.13
8215_01,0.94
8223_01,0.8598290538194574
8228_01,0.13
8230_01,0.07
8234_01,0.1
8236_01,0.8765386640165438
8240_01,1.0
8241_01,0.7835872024572464
8245_01,0.7968574686011535
8245_02,0.8242978343118587
8246_01,0.8168468726426202
8249_01,0.12
8250_01,0.7609072154224767
8253_01,0.16
8256_01,0.17
8258_01,0.02
8262_01,0.33
8263_01,0.34
8269_01,0.8
8274_01,0.3
8278_01,0.856560060399271
8283_01,0.8242978343118587
8284_01,0.8993301098503231
8284_02,0.85
8285_01,0.44
8286_01,0.7986287821960061
8290_01,0.7058744486914157
8293_01,0.01
8296_01,0.8993301098503231
8299_01,0.12
8304_01,0.21
8304_02,0.7710259993817794
8304_03,0.56
8305_01,0.8261530851299625
8305_02,0.7096748590265716
8305_03,0.8993301098503231
8308_01,0.01
8309_01,0.47
8311_01,0.06333333333333332
8312_01,0.8079386185970384
8325_01,0.8582952172149672
8325_02,0.14
8327_01,0.12
8331_01,0.5
8337_01,0.16
8340_01,0.17
8340_02,0.95
8340_03,0.26
8347_01,0.7822219950975784
8349_01,0.32
8350_01,0.07
8351_01,0.0
8352_01,0.21
8353_01,0.17
8355_01,0.8569346446757425
8357_01,1.0
8357_02,0.7494256042938293
8358_01,0.05
8359_01,0.04
8361_01,0.0
8361_02,0.03
8361_03,0.5816342167873687
8361_04,0.8914283568234914
8361_05,0.66
8364_01,0.8079386185970384
8367_01,0.52
8370_01,1.0
8370_02,0.02
8372_01,0.8488121927781686
8385_01,0.8490624475792855
8385_02,0.02
8385_03,0.5816342167873687
8387_01,0.83
8389_01,0.7913158269123948
8391_01,0.9258333333333334
8396_01,0.18
8399_01,0.04
8400_01,0.23
8400_02,0.8470052294133573
8400_03,0.0
8402_01,0.8598290538194574
8402_02,0.7835872024572464
8402_03,0.7835872024572464
8408_01,0.5
8408_02,0.8682265867263239
8412_01,0.73
8413_01,0.8569346446757425
8415_01,0.15
8417_01,0.61
8422_01,0.08
8424_01,0.29
8425_01,0.8320198880271837
8425_02,0.9785539509617471
8426_01,0.76
8426_02,0.0
8428_01,0.6
8434_01,0.8682265867263239
8435_01,0.28
8436_01,0.21
8439_01,0.7494256042938293
8440_01,0.26
8440_02,0.8069184938059675
8440_03,0.7494256042938293
8443_01,0.7494256042938293
8443_02,0.22
8445_01,0.8490624475792855
8445_02,0.9580857533105869
8445_03,0.7017835800611123
8446_01,0.06
8450_01,0.7822219950975784
8450_02,0.27
8450_03,0.7494256042938293
8453_01,0.72
8455_01,0.0
8461_01,0.49
8464_01,0.13
8464_02,0.8598290538194574
8473_01,0.7880748378792153
8473_02,0.06
8478_01,0.8069184938059675
8478_02,0.04
8484_01,0.8470052294133573
8485_01,0.8443772047608148
8488_01,0.59
8490_01,0.13
8496_01,0.09
8497_01,0.48680034263122485
8498_01,0.2
8499_01,0.7822219950975784
8501_01,0.7848155759427098
8505_01,0.13
8507_01,0.77
8510_01,0.09
8510_02,0.8352592291906589
8513_01,0.06
8515_01,0.27
8517_01,0.08
8517_02,0.7609072154224767
8518_01,0.8079386185970384
8519_01,0.65
8520_01,0.19
8520_02,0.7084376715476062
8525_01,0.75
8525_02,0.7543005476282515
8526_01,0.07
8526_02,0.9
8527_01,0.7609072154224767
8529_01,0.17
8531_01,0.7913158269123948
8532_01,0.42
8533_01,0.999090909090909
8534_01,0.5816342167873687
8534_02,0.6938871912606699
8534_03,0.7968574686011535
8534_04,0.45
8538_01,0.03
8543_01,0.76
8543_02,0.797488029785999
8543_03,0.7
8543_04,0.27
8543_05,0.26
8543_06,0.12
8543_07,0.7986287821960061
8543_08,0.24
8546_01,0.856560060399271
8547_01,0.12
8550_01,0.15
8553_01,0.05
8555_01,0.8242978343118587
8555_02,0.53
8555_03,0.7880748378792153
8558_01,0.887853371385577
8562_01,0.33
8563_01,0.08
8564_01,0.14
8565_01,0.7848155759427098
8565_02,0.731579559329559
8565_03,0.21
8567_01,0.04
8567_02,0.0
8567_03,0.05
8568_01,0.7848155759427098
8568_02,0.8273566975388335
8575_01,0.58
8576_01,0.7835872024572464
8578_01,0.14
8579_01,0.797488029785999
8582_01,0.7494256042938293
8583_01,0.8582952172149672
8583_02,0.5894412273313202
8590_01,0.16
8591_01,0.66
8593_01,0.0
8600_01,0.8320198880271837
8601_01,0.39
8608_01,0.8643427353232657
8621_01,0.96
8622_01,0.02
8625_01,0.11
8627_01,0.01
8630_01,0.6
8632_01,0.8352592291906589
8632_02,0.5316814481882963
8647_01,0.8079386185970384
8648_01,0.76191227551291
8648_02,0.07
8648_03,0.797488029785999
8649_01,0.01
8651_01,0.33
8652_01,0.19
8655_01,0.09583333333333334
8660_01,0.69
8662_01,0.55
8665_01,0.7494256042938293
8666_01,0.8784403841209758
8676_01,0.82
8677_01,0.15
8677_02,0.99
8677_03,0.96
8678_01,0.5590296146846826
8678_02,0.16
8679_01,0.8079386185970384
8682_01,0.24
8686_01,0.97
8689_01,0.5316814481882963
8690_01,0.08
8690_02,0.85
8692_01,0.7609072154224767
8692_02,0.05
8692_03,0.7822219950975784
8697_01,0.7835872024572464
8698_01,0.85
8699_01,0.7749832883610308
8702_01,0.33
8705_01,0.5330369609320846
8706_01,0.07
8707_01,0.21
8711_01,0.46
8713_01,0.05
8713_02,0.7937344883124681
8715_01,0.7913158269123948
8718_01,0.24
8724_01,0.08
8725_01,0.6080350911092746
8726_01,0.8242978343118587
8730_01,0.06
8731_01,0.16
8737_01,0.8914283568234914
8738_01,0.8585222794730099
8739_01,0.0
8740_01,0.15
8742_01,0.08
8745_01,0.28
8746_01,0.7494256042938293
8747_01,0.8598290538194574
8747_02,0.18
8748_01,0.19
8748_02,0.24
8756_01,0.08
8758_01,0.17
8758_02,0.77
8761_01,0.23
8763_01,0.06
8763_02,0.07
8763_03,0.7880748378792153
8765_01,0.41
8767_01,0.0
8767_02,0.04
8768_01,0.54
8768_02,0.75
8768_03,0.23
8775_01,0.9785539509617471
8777_01,0.14
8778_01,0.8993301098503231
8778_02,0.7850151856474484
8784_01,0.33
8788_01,0.04
8792_01,0.26
8793_01,0.4
8793_02,0.7835872024572464
8793_03,0.8273566975388335
8793_04,0.03
8793_05,0.7543005476282515
8795_01,0.4
8800_01,0.8069184938059675
8800_02,0.5816342167873687
8800_03,0.7007716576801708
8800_04,0.8
8800_05,0.7804957095620398
8803_01,0.7609072154224767
8804_01,0.8261530851299625
8804_02,1.0
8804_03,0.8569346446757425
8804_04,0.28
8804_05,0.04
8810_01,0.14
8814_01,0.856560060399271
8829_01,0.75
8832_01,0.29
8837_01,0.14
8839_01,0.95
8839_02,0.47
8846_01,0.09
8846_02,0.04
8847_01,0.8643427353232657
8851_01,0.8352592291906589
8855_01,0.27
8857_01,0.8643427353232657
8859_01,0.05
8866_01,0.84
8870_01,0.8643427353232657
8870_02,0.22
8873_01,0.6801118326118325
8873_02,0.04
8873_03,0.7829982930869154
8875_01,0.7007716576801708
8875_02,0.01
8875_03,0.887853371385577
8877_01,0.7968574686011535
8877_02,0.9580857533105869
8879_01,0.7609072154224767
8882_01,0.2
8887_01,0.8069286546237769
8888_01,0.16
8893_01,0.8273566975388335
8893_02,0.8569346446757425
8895_01,0.8470052294133573
8895_02,0.04
8898_01,0.53
8908_01,0.7494256042938293
8909_01,0.49
8911_01,0.48
8912_01,0.8993301098503231
8913_01,0.8470052294133573
8913_02,0.7710259993817794
8913_03,0.731579559329559
8914_01,0.28
8915_01,0.02
8916_01,0.8470052294133573
8917_01,0.8273566975388335
8921_01,0.7835872024572464
8924_01,0.8585222794730099
8925_01,0.8069184938059675
8925_02,0.7017835800611123
8925_03,0.8643427353232657
8925_04,1.0
8925_05,0.8488121927781686
8925_06,0.05
8927_01,0.78
8929_01,0.49
8931_01,0.11
8933_01,0.2630949352934646
8934_01,0.0
8935_01,0.79
8936_01,0.14
8943_01,0.04
8946_01,0.8993301098503231
8949_01,0.42
8950_01,0.19
8951_01,0.07
8952_01,0.21
8953_01,0.57
8957_01,0.25
8958_01,0.797488029785999
8960_01,0.7880748378792153
8960_02,0.09
8960_03,0.7968574686011535
8962_01,0.32
8963_01,0.7835872024572464
8965_01,0.04
8971_01,0.39
8974_01,0.8784403841209758
8979_01,0.3
8980_01,0.23
8980_02,0.15
8980_03,0.797488029785999
8980_04,0.02
8980_05,0.11
8980_06,0.856560060399271
8980_07,0.8261530851299625
8984_01,0.21
8990_01,0.8443772047608148
8991_01,0.52
8994_01,0.13
8994_02,0.5894412273313202
8995_01,0.17
9000_01,0.13
9002_01,0.09
9005_01,0.8784403841209758
9016_01,0.03
9016_02,0.09
9016_03,0.0
9016_04,0.8784403841209758
9016_05,0.03
9017_01,0.8470052294133573
9022_01,0.13
9022_02,0.7822219950975784
9022_03,0.7968574686011535
9025_01,0.24
9025_02,0.7968574686011535
9027_01,0.0
9033_01,0.9785539509617471
9039_01,0.797488029785999
9040_01,0.13
9044_01,0.27
9045_01,0.24
9045_02,0.33583333333333326
9047_01,0.86
9050_01,0.7913158269123948
9051_01,0.32
9053_01,0.7835872024572464
9053_02,1.0
9054_01,0.5894412273313202
9055_01,0.24
9056_01,0.29
9058_01,0.13
9062_01,0.12
9062_02,0.799944444444444
9063_01,0.8488121927781686
9065_01,0.7968574686011535
9067_01,0.31
9067_02,0.5590296146846826
9070_01,0.04
9070_02,0.61
9082_01,0.21250000000000002
9083_01,0.8598290538194574
9083_02,0.8582952172149672
9086_01,0.8079386185970384
9086_02,0.27
9087_01,0.03
9088_01,1.0
9090_01,0.22
9091_01,0.8993301098503231
9092_01,0.2
9093_01,0.01
9095_01,0.2447222222222222
9096_01,0.8490624475792855
9096_02,0.7822219950975784
9100_01,0.27
9102_01,0.8993301098503231
9105_01,0.8490624475792855
9109_01,0.8242978343118587
9113_01,0.7494256042938293
9117_01,0.3
9121_01,0.8261530851299625
9123_01,0.8009645020265918
9133_01,0.8582952172149672
9135_01,0.05
9138_01,0.37
9143_01,0.0
9143_02,0.16
9143_03,0.05
9146_01,0.12
9146_02,0.15
9146_03,0.8569346446757425
9147_01,0.7968574686011535
9153_01,0.42
9154_01,0.8352592291906589
9155_01,0.41
9155_02,0.02
9155_03,0.8273566975388335
9155_04,0.8598290538194574
9162_01,0.7835872024572464
9162_02,0.05
9162_03,0.07
9166_01,0.999090909090909
9171_01,0.62
9177_01,0.7494256042938293
9177_02,0.7968574686011535
9182_01,0.06
9187_01,0.45
9187_02,0.08
9191_01,0.8682265867263239
9198_01,0.19
9200_01,0.08
9204_01,0.08
9206_01,1.0
9206_02,0.03
9206_03,0.38437728937728954
9207_01,0.94
9209_01,0.287
9210_01,0.08
9212_01,0.03
9212_02,0.9785539509617471
9214_01,0.09
9215_01,0.8914283568234914
9216_01,0.21
9223_01,0.7822219950975784
9223_02,0.856560060399271
9228_01,0.21
9229_01,0.30033333333333334
9232_01,0.34
9236_01,0.91
9238_01,0.5901710209923484
9238_02,0.8069184938059675
9238_03,0.8352592291906589
9238_04,0.25
9238_05,0.8320198880271837
9238_06,0.7880748378792153
9238_07,0.13
9240_01,0.21
9243_01,1.0
9245_01,0.11
9249_01,0.61
9255_01,0.72
9258_01,0.8490624475792855
9260_01,0.8069184938059675
9262_01,0.39
9263_01,0.8069286546237769
9265_01,1.0
9266_01,0.74
9266_02,0.8598290538194574
9269_01,0.22
9271_01,0.7968574686011535
9273_01,0.52
9277_01,0.8069286546237769
